-- phpMyAdmin SQL Dump
-- version 5.1.1
-- https://www.phpmyadmin.net/
--
-- Servidor: 127.0.0.1
-- Tiempo de generación: 06-02-2023 a las 23:20:50
-- Versión del servidor: 10.4.22-MariaDB
-- Versión de PHP: 7.4.27

SET SQL_MODE = "NO_AUTO_VALUE_ON_ZERO";
START TRANSACTION;
SET time_zone = "+00:00";


/*!40101 SET @OLD_CHARACTER_SET_CLIENT=@@CHARACTER_SET_CLIENT */;
/*!40101 SET @OLD_CHARACTER_SET_RESULTS=@@CHARACTER_SET_RESULTS */;
/*!40101 SET @OLD_COLLATION_CONNECTION=@@COLLATION_CONNECTION */;
/*!40101 SET NAMES utf8mb4 */;

--
-- Base de datos: `arriendos`
--

-- --------------------------------------------------------

--
-- Estructura de tabla para la tabla `bancos`
--

CREATE TABLE `bancos` (
  `id` int(11) NOT NULL,
  `nombre` text COLLATE utf8_spanish_ci NOT NULL
) ENGINE=InnoDB DEFAULT CHARSET=utf8 COLLATE=utf8_spanish_ci;

--
-- Volcado de datos para la tabla `bancos`
--

INSERT INTO `bancos` (`id`, `nombre`) VALUES
(1, 'CHILE'),
(2, 'INTERNACIONAL'),
(3, 'SCOTIABANK'),
(4, 'BCI'),
(5, 'BICE'),
(6, 'HSBC BANK'),
(7, 'SANTANDER'),
(8, 'ITAÚ'),
(9, 'CORPBANCA'),
(10, 'SECURITY'),
(11, 'FALABELLA'),
(12, 'RIPLEY'),
(13, 'CONSORCIO'),
(14, 'SCOTIABANK AZUL(BBVA)'),
(15, 'BTG PACTUAL'),
(16, 'ESTADO');

-- --------------------------------------------------------

--
-- Estructura de tabla para la tabla `categorias`
--

CREATE TABLE `categorias` (
  `id` int(11) NOT NULL,
  `categoria` text COLLATE utf8_spanish_ci NOT NULL,
  `fecha` timestamp NOT NULL DEFAULT current_timestamp(),
  `creacion` timestamp NOT NULL DEFAULT current_timestamp()
) ENGINE=InnoDB DEFAULT CHARSET=utf8 COLLATE=utf8_spanish_ci;

--
-- Volcado de datos para la tabla `categorias`
--

INSERT INTO `categorias` (`id`, `categoria`, `fecha`, `creacion`) VALUES
(6, 'CINCELADOR 5 KILOS', '2022-02-25 23:25:51', '2022-03-11 21:37:24'),
(8, 'SONDA FLEXIBLES', '2022-02-28 20:34:04', '2022-03-11 21:37:24'),
(9, 'DEMOLEDOR 5 kilos', '2022-02-28 21:31:37', '2022-03-11 21:37:24'),
(10, 'DEMOLEDOR 10 KILOS', '2022-03-21 21:51:31', '2022-03-21 21:51:31'),
(11, 'ESMERIL 9\'\'', '2022-10-08 00:41:49', '2022-10-08 00:41:49'),
(12, 'ESMERIL 7\'\'', '2022-10-08 00:41:58', '2022-10-08 00:41:58'),
(13, 'ESMERIL 4 1/2 \'\'', '2022-10-08 00:42:12', '2022-10-08 00:42:12'),
(15, 'GENERADOR 4KVA', '2022-10-19 21:10:12', '2022-10-19 21:10:12');

-- --------------------------------------------------------

--
-- Estructura de tabla para la tabla `ciudades`
--

CREATE TABLE `ciudades` (
  `id` int(11) NOT NULL,
  `nombre` text COLLATE utf8_spanish_ci NOT NULL
) ENGINE=InnoDB DEFAULT CHARSET=utf8 COLLATE=utf8_spanish_ci;

--
-- Volcado de datos para la tabla `ciudades`
--

INSERT INTO `ciudades` (`id`, `nombre`) VALUES
(1, 'Rancagua');

-- --------------------------------------------------------

--
-- Estructura de tabla para la tabla `codigo_actividad`
--

CREATE TABLE `codigo_actividad` (
  `id` int(11) NOT NULL,
  `codigo` text COLLATE utf8_spanish_ci NOT NULL,
  `actividad` text COLLATE utf8_spanish_ci NOT NULL
) ENGINE=InnoDB DEFAULT CHARSET=utf8 COLLATE=utf8_spanish_ci;

--
-- Volcado de datos para la tabla `codigo_actividad`
--

INSERT INTO `codigo_actividad` (`id`, `codigo`, `actividad`) VALUES
(1, '50011', 'Construcción y reparación de edificios'),
(2, '50013', 'Construcción de viviendas'),
(3, '50036', 'Construcción y/o instalación de obras no clasificadas en otra parte'),
(4, '50037', 'Contratistas y subcontratistas');

-- --------------------------------------------------------

--
-- Estructura de tabla para la tabla `comunas`
--

CREATE TABLE `comunas` (
  `id` int(11) NOT NULL,
  `id_ciudad` int(11) NOT NULL,
  `nombre` text COLLATE utf8_spanish_ci NOT NULL
) ENGINE=InnoDB DEFAULT CHARSET=utf8 COLLATE=utf8_spanish_ci;

--
-- Volcado de datos para la tabla `comunas`
--

INSERT INTO `comunas` (`id`, `id_ciudad`, `nombre`) VALUES
(1, 1, 'Rancagua'),
(2, 1, 'Codegua'),
(3, 1, 'Coinco'),
(4, 1, 'Coltauco'),
(5, 1, 'Doñihue');

-- --------------------------------------------------------

--
-- Estructura de tabla para la tabla `constructoras`
--

CREATE TABLE `constructoras` (
  `id` int(11) NOT NULL,
  `rut` text COLLATE utf8_spanish_ci NOT NULL,
  `nombre` text COLLATE utf8_spanish_ci NOT NULL,
  `direccion` text COLLATE utf8_spanish_ci NOT NULL,
  `telefono` text COLLATE utf8_spanish_ci NOT NULL,
  `contacto_cobranza` text COLLATE utf8_spanish_ci NOT NULL,
  `telefono_cobranza` text COLLATE utf8_spanish_ci NOT NULL,
  `email_cobranza` text COLLATE utf8_spanish_ci NOT NULL,
  `forma_pago_id` int(11) NOT NULL,
  `banco` int(11) DEFAULT NULL,
  `codigo_actividad` text COLLATE utf8_spanish_ci NOT NULL,
  `estado` int(11) NOT NULL DEFAULT 1,
  `creacion` timestamp NOT NULL DEFAULT current_timestamp(),
  `comuna` text COLLATE utf8_spanish_ci NOT NULL,
  `ciudad` text COLLATE utf8_spanish_ci NOT NULL
) ENGINE=InnoDB DEFAULT CHARSET=utf8 COLLATE=utf8_spanish_ci;

--
-- Volcado de datos para la tabla `constructoras`
--

INSERT INTO `constructoras` (`id`, `rut`, `nombre`, `direccion`, `telefono`, `contacto_cobranza`, `telefono_cobranza`, `email_cobranza`, `forma_pago_id`, `banco`, `codigo_actividad`, `estado`, `creacion`, `comuna`, `ciudad`) VALUES
(3, '8.349.073-K', 'CONSTRUCTORA ALFA', 'CALLE 4 ORIENTE 55', '967564098', 'LEO', '967564098', 'l.frey.g@gmail.com', 6, 0, '50011', 1, '2022-03-11 21:37:41', 'RECOLETA', 'SANTIAGO'),
(4, '13.663.730-4', 'CONSTRUCTORA GAMA', 'CALLE 4 ORIENTE 55', '967564098', 'DSDSDS', '985474445', 'dsdsd@gmail.com', 7, 7, '50036', 1, '2022-03-11 21:37:41', 'VIÑA DEL MAR', 'VIÑA DEL MAR'),
(5, '13.485.480-4', 'CONSTRUCTORA BETA', 'DSDSDSD', '967564094', 'DSDSDSD', '343434343', 'ssdsdsds@gmail', 3, 0, '50037', 1, '2022-03-11 21:37:41', 'PROVIDENCIA', 'SANTIAGO');

-- --------------------------------------------------------

--
-- Estructura de tabla para la tabla `costos_reparacion`
--

CREATE TABLE `costos_reparacion` (
  `id` int(11) NOT NULL,
  `id_taller` int(11) NOT NULL,
  `id_equipo` int(11) NOT NULL,
  `factura` text COLLATE utf8_spanish_ci NOT NULL,
  `neto` int(11) NOT NULL,
  `fecha` int(11) NOT NULL,
  `detalles` text COLLATE utf8_spanish_ci DEFAULT NULL,
  `id_usuario` int(11) NOT NULL,
  `fecha_ingreso` timestamp NOT NULL DEFAULT current_timestamp()
) ENGINE=InnoDB DEFAULT CHARSET=utf8 COLLATE=utf8_spanish_ci;

--
-- Volcado de datos para la tabla `costos_reparacion`
--

INSERT INTO `costos_reparacion` (`id`, `id_taller`, `id_equipo`, `factura`, `neto`, `fecha`, `detalles`, `id_usuario`, `fecha_ingreso`) VALUES
(1, 1, 14, '2541', 25000, 2023, 'PRUEBA DE GASTOS', 1, '2023-01-30 21:01:18'),
(2, 0, 14, '58222', 96000, 2023, 'ROTOR Y MANGOS', 1, '2023-01-30 21:25:55'),
(3, 1, 26, '52145', 190000, 2023, 'CAMBIO DE CABLES, ROTOR Y MANGO', 1, '2023-01-30 22:19:27'),
(4, 1, 14, '333', 34000, 2023, '', 1, '2023-01-30 23:07:22'),
(5, 1, 14, '3336', 3400, 2023, '', 1, '2023-01-30 23:07:30'),
(6, 1, 14, '33366', 67000, 2023, '', 1, '2023-01-30 23:07:44'),
(7, 1, 14, '78541', 89000, 2023, '', 1, '2023-01-30 23:07:53'),
(8, 1, 14, '98500', 12000, 2023, '', 1, '2023-01-30 23:08:23'),
(9, 1, 14, '78410', 15000, 2023, '', 1, '2023-01-30 23:08:31'),
(10, 1, 14, '78410', 15000, 2023, '', 1, '2023-01-30 23:08:39'),
(11, 1, 14, '78410', 15000, 2023, '', 1, '2023-01-30 23:08:41'),
(12, 1, 14, '78410', 15000, 2023, '', 1, '2023-01-30 23:08:43'),
(13, 1, 14, '78410', 15000, 2023, '', 1, '2023-01-30 23:08:45');

-- --------------------------------------------------------

--
-- Estructura de tabla para la tabla `dte`
--

CREATE TABLE `dte` (
  `id` int(11) NOT NULL,
  `id_empresa_operativa` int(11) NOT NULL,
  `numero_guia` int(11) NOT NULL,
  `numero_factura` int(11) NOT NULL,
  `numero_nc` int(11) NOT NULL,
  `numero_nd` int(11) NOT NULL
) ENGINE=InnoDB DEFAULT CHARSET=utf8 COLLATE=utf8_spanish_ci;

--
-- Volcado de datos para la tabla `dte`
--

INSERT INTO `dte` (`id`, `id_empresa_operativa`, `numero_guia`, `numero_factura`, `numero_nc`, `numero_nd`) VALUES
(1, 1, 5252, 3700, 24, 7);

-- --------------------------------------------------------

--
-- Estructura de tabla para la tabla `eepp`
--

CREATE TABLE `eepp` (
  `id` bigint(11) NOT NULL,
  `id_constructoras` int(11) NOT NULL,
  `id_obras` int(11) NOT NULL,
  `fecha_eepp` timestamp NOT NULL DEFAULT current_timestamp(),
  `fecha_corte` date NOT NULL,
  `id_usuario` int(11) DEFAULT NULL,
  `tipo_pago` text COLLATE utf8_spanish_ci DEFAULT NULL,
  `total_eepp` int(11) NOT NULL DEFAULT 0,
  `como_factura` text COLLATE utf8_spanish_ci DEFAULT NULL,
  `cerrado` int(11) NOT NULL DEFAULT 0
) ENGINE=InnoDB DEFAULT CHARSET=utf8 COLLATE=utf8_spanish_ci;

--
-- Volcado de datos para la tabla `eepp`
--

INSERT INTO `eepp` (`id`, `id_constructoras`, `id_obras`, `fecha_eepp`, `fecha_corte`, `id_usuario`, `tipo_pago`, `total_eepp`, `como_factura`, `cerrado`) VALUES
(1, 3, 6, '2022-12-24 02:23:05', '2022-07-31', NULL, NULL, 227700, 'EEPP', 0),
(2, 5, 10, '2022-12-24 02:23:14', '2022-07-31', NULL, NULL, 3635200, NULL, 0),
(3, 4, 8, '2022-12-24 02:23:21', '2022-07-31', NULL, NULL, 3155000, NULL, 0),
(4, 3, 6, '2022-12-24 02:23:38', '2022-08-31', NULL, NULL, 227700, 'EEPP', 0),
(5, 5, 10, '2022-12-24 02:23:45', '2022-08-31', NULL, NULL, 1481800, NULL, 0),
(6, 4, 8, '2022-12-24 02:23:51', '2022-08-31', NULL, NULL, 1354700, NULL, 0),
(7, 3, 6, '2022-12-24 02:24:01', '2022-09-30', NULL, NULL, 228300, 'EEPP', 0),
(8, 5, 10, '2022-12-24 02:24:07', '2022-09-30', NULL, NULL, 1374900, NULL, 0),
(9, 4, 8, '2022-12-24 02:24:15', '2022-09-30', NULL, NULL, 1340700, NULL, 0),
(10, 3, 6, '2022-12-24 05:14:33', '2022-10-31', NULL, NULL, 76500, NULL, 0),
(11, 3, 3, '2022-12-24 05:14:36', '2022-10-31', NULL, NULL, 54000, 'EEPP', 0),
(12, 3, 9, '2022-12-24 05:14:40', '2022-10-31', NULL, NULL, 119000, NULL, 0),
(16, 3, 3, '2022-12-27 02:49:22', '2022-11-30', NULL, NULL, 99000, 'EEPP', 0),
(17, 3, 5, '2022-12-27 02:49:26', '2022-11-30', NULL, NULL, 443700, NULL, 0),
(18, 3, 9, '2022-12-27 02:49:32', '2022-11-30', NULL, NULL, 967200, NULL, 0),
(19, 4, 8, '2022-12-27 02:58:05', '2022-11-30', NULL, NULL, 2241600, NULL, 0);

-- --------------------------------------------------------

--
-- Estructura de tabla para la tabla `eepp_descuentos_extras`
--

CREATE TABLE `eepp_descuentos_extras` (
  `id` int(11) NOT NULL,
  `id_eepp` int(11) NOT NULL,
  `descripcion` text COLLATE utf8_spanish_ci NOT NULL,
  `monto` int(11) NOT NULL,
  `fecha` timestamp NOT NULL DEFAULT current_timestamp() ON UPDATE current_timestamp(),
  `id_usuario` int(11) NOT NULL,
  `tipo` text COLLATE utf8_spanish_ci NOT NULL
) ENGINE=InnoDB DEFAULT CHARSET=utf8 COLLATE=utf8_spanish_ci;

-- --------------------------------------------------------

--
-- Estructura de tabla para la tabla `eepp_detalle_equipos`
--

CREATE TABLE `eepp_detalle_equipos` (
  `id` bigint(11) NOT NULL,
  `id_eepp` int(11) NOT NULL,
  `id_guia_detalle` int(11) NOT NULL,
  `guia` int(11) NOT NULL,
  `contrato` text COLLATE utf8_spanish_ci NOT NULL,
  `codigo` text COLLATE utf8_spanish_ci NOT NULL,
  `serie` text COLLATE utf8_spanish_ci NOT NULL,
  `descripcion` text COLLATE utf8_spanish_ci NOT NULL,
  `modelo` text COLLATE utf8_spanish_ci NOT NULL,
  `marca` text COLLATE utf8_spanish_ci NOT NULL,
  `precio` int(11) NOT NULL,
  `fecha_arriendo` date NOT NULL,
  `fecha_devolucion` date NOT NULL,
  `fecha_retiro_obra` date NOT NULL,
  `report_devolucion` int(11) NOT NULL,
  `tipo_devolucion` int(11) NOT NULL,
  `devuelto` int(11) NOT NULL,
  `match_cambio` int(11) NOT NULL,
  `ultimo_cobro` date NOT NULL,
  `nombreDevolucion` text COLLATE utf8_spanish_ci NOT NULL,
  `cobro_desde` date NOT NULL,
  `cobro_hasta` date NOT NULL,
  `dias` int(11) DEFAULT NULL,
  `total` int(11) DEFAULT NULL
) ENGINE=InnoDB DEFAULT CHARSET=utf8 COLLATE=utf8_spanish_ci;

--
-- Volcado de datos para la tabla `eepp_detalle_equipos`
--

INSERT INTO `eepp_detalle_equipos` (`id`, `id_eepp`, `id_guia_detalle`, `guia`, `contrato`, `codigo`, `serie`, `descripcion`, `modelo`, `marca`, `precio`, `fecha_arriendo`, `fecha_devolucion`, `fecha_retiro_obra`, `report_devolucion`, `tipo_devolucion`, `devuelto`, `match_cambio`, `ultimo_cobro`, `nombreDevolucion`, `cobro_desde`, `cobro_hasta`, `dias`, `total`) VALUES
(1, 1, 33, 5207, '1', '652198', '65219874561', 'SONDA FLEXIBLE 4X5MTS', 'FLX', 'BOSH', 1200, '2022-05-12', '0000-00-00', '0000-00-00', 0, 0, 0, 0, '0000-00-00', '', '2022-05-12', '2022-07-31', 57, 68400),
(2, 1, 76, 5211, '26', '36545', '36521', 'SONDA FLEXIBLE 4X5MTS', 'FLX', 'BOSH', 1200, '2022-06-07', '0000-00-00', '0000-00-00', 0, 0, 0, 0, '0000-00-00', '', '2022-06-07', '2022-07-31', 39, 46800),
(3, 1, 77, 5211, '26', '365211', '365211', 'DEMOLEDOR  7 KGS', 'TYU', 'HILTI', 7500, '2022-07-11', '0000-00-00', '0000-00-00', 0, 0, 0, 0, '0000-00-00', '', '2022-07-11', '2022-07-31', 15, 112500),
(4, 2, 35, 5206, '19', '36521P', '36521', 'CINCELADOR 5 KILOS', 'TGB', 'BOSH', 5000, '2022-05-03', '0000-00-00', '0000-00-00', 0, 0, 0, 0, '0000-00-00', '', '2022-05-03', '2022-07-31', 90, 450000),
(5, 2, 39, 5204, '21', '362541', '362541', 'SONDA FLEXIBLE 4X5MTS', 'FLX', 'BOSH', 1200, '2022-05-09', '0000-00-00', '0000-00-00', 0, 0, 0, 0, '0000-00-00', '', '2022-05-09', '2022-07-31', 84, 100800),
(6, 2, 40, 5204, '21', '6521', '6521', 'CINCELADOR 5 KILOS', 'AVR', 'BOSH', 3400, '2022-05-09', '0000-00-00', '0000-00-00', 0, 0, 0, 0, '0000-00-00', '', '2022-05-09', '2022-07-31', 84, 285600),
(7, 2, 46, 5204, '21', '36545', '36521', 'SONDA FLEXIBLE 4X5MTS', 'FLX', 'BOSH', 1200, '2022-05-09', '0000-00-00', '0000-00-00', 0, 0, 0, 0, '0000-00-00', '', '2022-05-09', '2022-07-31', 84, 100800),
(8, 2, 54, 5204, '21', '654111', '654111', 'SONDA FLEXIBLE 4X5MTS', 'FLX', 'BOSH', 1000, '2022-05-12', '0000-00-00', '0000-00-00', 0, 0, 0, 0, '0000-00-00', '', '2022-05-12', '2022-07-31', 81, 81000),
(9, 2, 62, 5204, '21', '985474', '985474', 'CINCELADOR 5 KILOS', 'TGB', 'BOSH', 5000, '2022-05-23', '0000-00-00', '0000-00-00', 0, 0, 0, 0, '0000-00-00', '', '2022-05-23', '2022-07-31', 70, 350000),
(10, 2, 64, 5204, '21', '854741', '854741', 'CINCELADOR 5 KILOS', 'TGB', 'BOSH', 5000, '2022-05-23', '0000-00-00', '0000-00-00', 0, 0, 0, 0, '0000-00-00', '', '2022-05-23', '2022-07-31', 70, 350000),
(11, 2, 72, 5206, '19', '65212', '65212', 'SONDA FLEXIBLE 4X5MTS', 'FLX', 'BOSH', 1000, '2022-05-31', '0000-00-00', '0000-00-00', 0, 0, 0, 0, '0000-00-00', '', '2022-05-31', '2022-07-31', 62, 62000),
(12, 2, 45, 5204, '21', '365211', '365211', 'DEMOLEDOR  7 KGS', 'TYU', 'HILTI', 7500, '2022-05-09', '0000-00-00', '0000-00-00', 0, 0, 0, 0, '0000-00-00', '', '2022-05-09', '2022-07-31', 84, 630000),
(13, 2, 61, 5204, '21', 'PCG524', '854545', 'CINCELADOR 10 KGS', 'XYZ', 'HILTI', 9000, '2022-05-23', '0000-00-00', '0000-00-00', 0, 0, 0, 0, '0000-00-00', '', '2022-05-23', '2022-07-31', 70, 630000),
(14, 2, 63, 5204, '21', '98544', '98544', 'CINCELADOR 10 KGS', 'TGH', 'BLACK AND DECKER', 8500, '2022-05-23', '0000-00-00', '0000-00-00', 0, 0, 0, 0, '0000-00-00', '', '2022-05-23', '2022-07-31', 70, 595000),
(19, 3, 55, 5205, '20', '65212', '65212', 'SONDA FLEXIBLE 4X5MTS', 'FLX', 'BOSH', 1200, '2022-05-22', '0000-00-00', '0000-00-00', 0, 0, 0, 0, '0000-00-00', '', '2022-05-22', '2022-07-31', 50, 60000),
(20, 3, 56, 5205, '20', '78001452', '745844854', 'SONDA FLEXIBLE 4X5MTS', 'FLX', 'BOSH', 1200, '2022-05-22', '0000-00-00', '0000-00-00', 0, 0, 0, 0, '0000-00-00', '', '2022-05-22', '2022-07-31', 50, 60000),
(21, 3, 57, 5205, '20', '9658445', '9658445', 'SONDA FLEXIBLE 4X5MTS', 'FLX', 'BOSH', 1200, '2022-05-22', '0000-00-00', '0000-00-00', 0, 0, 0, 0, '0000-00-00', '', '2022-05-22', '2022-07-31', 50, 60000),
(22, 3, 69, 5205, '20', '6521', '6521', 'CINCELADOR 5 KILOS', 'AVR', 'BOSH', 3400, '2022-05-23', '0000-00-00', '0000-00-00', 0, 0, 0, 0, '0000-00-00', '', '2022-05-23', '2022-07-31', 50, 170000),
(23, 3, 70, 5205, '20', '8544', '8544', 'CINCELADOR 5 KILOS', 'AVR', 'BOSH', 3400, '2022-05-23', '0000-00-00', '0000-00-00', 0, 0, 0, 0, '0000-00-00', '', '2022-05-23', '2022-07-31', 50, 170000),
(24, 3, 71, 5205, '20', '65211', '65214', 'CINCELADOR 5 KILOS', 'TGB', 'BOSH', 5500, '2022-05-23', '0000-00-00', '0000-00-00', 0, 0, 0, 0, '0000-00-00', '', '2022-05-23', '2022-07-31', 50, 275000),
(25, 3, 34, 5205, '20', '3622', '3621', 'CINCELADOR 10 KGS', 'XYZ', 'HILTI', 7500, '2022-05-03', '0000-00-00', '0000-00-00', 0, 0, 0, 0, '0000-00-00', '', '2022-05-03', '2022-07-31', 64, 480000),
(26, 3, 36, 5205, '20', '36545', '36545', 'CINCELADOR 10 KGS', 'XYZ', 'HILTI', 7500, '2022-05-03', '0000-00-00', '0000-00-00', 0, 0, 0, 0, '0000-00-00', '', '2022-05-03', '2022-07-31', 64, 480000),
(27, 3, 58, 5205, '20', '6521P', '6521', 'CINCELADOR 10 KGS', 'TGH', 'BLACK AND DECKER', 5600, '2022-05-22', '0000-00-00', '0000-00-00', 0, 0, 0, 0, '0000-00-00', '', '2022-05-22', '2022-07-31', 50, 280000),
(28, 3, 59, 5205, '20', '32100', '32100', 'CINCELADOR 10 KGS', 'TGH', 'BLACK AND DECKER', 5600, '2022-05-22', '0000-00-00', '0000-00-00', 0, 0, 0, 0, '0000-00-00', '', '2022-05-22', '2022-07-31', 50, 280000),
(29, 3, 65, 5205, '20', '6522', '6522', 'CINCELADOR 10 KGS', 'TGH', 'BLACK AND DECKER', 5600, '2022-05-23', '0000-00-00', '0000-00-00', 0, 0, 0, 0, '0000-00-00', '', '2022-05-23', '2022-07-31', 50, 280000),
(30, 3, 66, 5205, '20', '85474', '25412', 'CINCELADOR 10 KGS', 'TGH', 'BLACK AND DECKER', 5600, '2022-05-23', '0000-00-00', '0000-00-00', 0, 0, 0, 0, '0000-00-00', '', '2022-05-23', '2022-07-31', 50, 280000),
(31, 3, 67, 5205, '20', '6522365', '6522', 'CINCELADOR 10 KGS', 'TGH', 'BLACK AND DECKER', 5600, '2022-05-23', '0000-00-00', '0000-00-00', 0, 0, 0, 0, '0000-00-00', '', '2022-05-23', '2022-07-31', 50, 280000),
(34, 4, 33, 5207, '1', '652198', '65219874561', 'SONDA FLEXIBLE 4X5MTS', 'FLX', 'BOSH', 1200, '2022-05-12', '0000-00-00', '0000-00-00', 0, 0, 0, 0, '2022-07-31', '', '2022-08-01', '2022-08-31', 23, 27600),
(35, 4, 76, 5211, '26', '36545', '36521', 'SONDA FLEXIBLE 4X5MTS', 'FLX', 'BOSH', 1200, '2022-06-07', '0000-00-00', '0000-00-00', 0, 0, 0, 0, '2022-07-31', '', '2022-08-01', '2022-08-31', 23, 27600),
(36, 4, 77, 5211, '26', '365211', '365211', 'DEMOLEDOR  7 KGS', 'TYU', 'HILTI', 7500, '2022-07-11', '0000-00-00', '0000-00-00', 0, 0, 0, 0, '2022-07-31', '', '2022-08-01', '2022-08-31', 23, 172500),
(37, 5, 35, 5206, '19', '36521P', '36521', 'CINCELADOR 5 KILOS', 'TGB', 'BOSH', 5000, '2022-05-03', '0000-00-00', '0000-00-00', 0, 0, 0, 0, '2022-07-31', '', '2022-08-01', '2022-08-31', 31, 155000),
(38, 5, 39, 5204, '21', '362541', '362541', 'SONDA FLEXIBLE 4X5MTS', 'FLX', 'BOSH', 1200, '2022-05-09', '0000-00-00', '0000-00-00', 0, 0, 0, 0, '2022-07-31', '', '2022-08-01', '2022-08-31', 31, 37200),
(39, 5, 40, 5204, '21', '6521', '6521', 'CINCELADOR 5 KILOS', 'AVR', 'BOSH', 3400, '2022-05-09', '0000-00-00', '0000-00-00', 0, 0, 0, 0, '2022-07-31', '', '2022-08-01', '2022-08-31', 31, 105400),
(40, 5, 46, 5204, '21', '36545', '36521', 'SONDA FLEXIBLE 4X5MTS', 'FLX', 'BOSH', 1200, '2022-05-09', '0000-00-00', '0000-00-00', 0, 0, 0, 0, '2022-07-31', '', '2022-08-01', '2022-08-31', 31, 37200),
(41, 5, 54, 5204, '21', '654111', '654111', 'SONDA FLEXIBLE 4X5MTS', 'FLX', 'BOSH', 1000, '2022-05-12', '0000-00-00', '0000-00-00', 0, 0, 0, 0, '2022-07-31', '', '2022-08-01', '2022-08-31', 31, 31000),
(42, 5, 62, 5204, '21', '985474', '985474', 'CINCELADOR 5 KILOS', 'TGB', 'BOSH', 5000, '2022-05-23', '0000-00-00', '0000-00-00', 0, 0, 0, 0, '2022-07-31', '', '2022-08-01', '2022-08-31', 31, 155000),
(43, 5, 64, 5204, '21', '854741', '854741', 'CINCELADOR 5 KILOS', 'TGB', 'BOSH', 5000, '2022-05-23', '0000-00-00', '0000-00-00', 0, 0, 0, 0, '2022-07-31', '', '2022-08-01', '2022-08-31', 31, 155000),
(44, 5, 72, 5206, '19', '65212', '65212', 'SONDA FLEXIBLE 4X5MTS', 'FLX', 'BOSH', 1000, '2022-05-31', '0000-00-00', '0000-00-00', 0, 0, 0, 0, '2022-07-31', '', '2022-08-01', '2022-08-31', 31, 31000),
(45, 5, 45, 5204, '21', '365211', '365211', 'DEMOLEDOR  7 KGS', 'TYU', 'HILTI', 7500, '2022-05-09', '0000-00-00', '0000-00-00', 0, 0, 0, 0, '2022-07-31', '', '2022-08-01', '2022-08-31', 31, 232500),
(46, 5, 61, 5204, '21', 'PCG524', '854545', 'CINCELADOR 10 KGS', 'XYZ', 'HILTI', 9000, '2022-05-23', '0000-00-00', '0000-00-00', 0, 0, 0, 0, '2022-07-31', '', '2022-08-01', '2022-08-31', 31, 279000),
(47, 5, 63, 5204, '21', '98544', '98544', 'CINCELADOR 10 KGS', 'TGH', 'BLACK AND DECKER', 8500, '2022-05-23', '0000-00-00', '0000-00-00', 0, 0, 0, 0, '2022-07-31', '', '2022-08-01', '2022-08-31', 31, 263500),
(52, 6, 55, 5205, '20', '65212', '65212', 'SONDA FLEXIBLE 4X5MTS', 'FLX', 'BOSH', 1200, '2022-05-22', '0000-00-00', '0000-00-00', 0, 0, 0, 0, '2022-07-31', '', '2022-08-01', '2022-08-31', 23, 27600),
(53, 6, 56, 5205, '20', '78001452', '745844854', 'SONDA FLEXIBLE 4X5MTS', 'FLX', 'BOSH', 1200, '2022-05-22', '0000-00-00', '0000-00-00', 0, 0, 0, 0, '2022-07-31', '', '2022-08-01', '2022-08-31', 23, 27600),
(54, 6, 57, 5205, '20', '9658445', '9658445', 'SONDA FLEXIBLE 4X5MTS', 'FLX', 'BOSH', 1200, '2022-05-22', '0000-00-00', '0000-00-00', 0, 0, 0, 0, '2022-07-31', '', '2022-08-01', '2022-08-31', 23, 27600),
(55, 6, 69, 5205, '20', '6521', '6521', 'CINCELADOR 5 KILOS', 'AVR', 'BOSH', 3400, '2022-05-23', '0000-00-00', '0000-00-00', 0, 0, 0, 0, '2022-07-31', '', '2022-08-01', '2022-08-31', 23, 78200),
(56, 6, 70, 5205, '20', '8544', '8544', 'CINCELADOR 5 KILOS', 'AVR', 'BOSH', 3400, '2022-05-23', '0000-00-00', '0000-00-00', 0, 0, 0, 0, '2022-07-31', '', '2022-08-01', '2022-08-31', 23, 78200),
(57, 6, 71, 5205, '20', '65211', '65214', 'CINCELADOR 5 KILOS', 'TGB', 'BOSH', 5500, '2022-05-23', '0000-00-00', '0000-00-00', 0, 0, 0, 0, '2022-07-31', '', '2022-08-01', '2022-08-31', 23, 126500),
(58, 6, 34, 5205, '20', '3622', '3621', 'CINCELADOR 10 KGS', 'XYZ', 'HILTI', 7500, '2022-05-03', '0000-00-00', '0000-00-00', 0, 0, 0, 0, '2022-07-31', '', '2022-08-01', '2022-08-31', 23, 172500),
(59, 6, 36, 5205, '20', '36545', '36545', 'CINCELADOR 10 KGS', 'XYZ', 'HILTI', 7500, '2022-05-03', '0000-00-00', '0000-00-00', 0, 0, 0, 0, '2022-07-31', '', '2022-08-01', '2022-08-31', 23, 172500),
(60, 6, 58, 5205, '20', '6521P', '6521', 'CINCELADOR 10 KGS', 'TGH', 'BLACK AND DECKER', 5600, '2022-05-22', '0000-00-00', '0000-00-00', 0, 0, 0, 0, '2022-07-31', '', '2022-08-01', '2022-08-31', 23, 128800),
(61, 6, 59, 5205, '20', '32100', '32100', 'CINCELADOR 10 KGS', 'TGH', 'BLACK AND DECKER', 5600, '2022-05-22', '0000-00-00', '0000-00-00', 0, 0, 0, 0, '2022-07-31', '', '2022-08-01', '2022-08-31', 23, 128800),
(62, 6, 65, 5205, '20', '6522', '6522', 'CINCELADOR 10 KGS', 'TGH', 'BLACK AND DECKER', 5600, '2022-05-23', '0000-00-00', '0000-00-00', 0, 0, 0, 0, '2022-07-31', '', '2022-08-01', '2022-08-31', 23, 128800),
(63, 6, 66, 5205, '20', '85474', '25412', 'CINCELADOR 10 KGS', 'TGH', 'BLACK AND DECKER', 5600, '2022-05-23', '0000-00-00', '0000-00-00', 0, 0, 0, 0, '2022-07-31', '', '2022-08-01', '2022-08-31', 23, 128800),
(64, 6, 67, 5205, '20', '6522365', '6522', 'CINCELADOR 10 KGS', 'TGH', 'BLACK AND DECKER', 5600, '2022-05-23', '0000-00-00', '0000-00-00', 0, 0, 0, 0, '2022-07-31', '', '2022-08-01', '2022-08-31', 23, 128800),
(67, 7, 33, 5207, '1', '652198', '65219874561', 'SONDA FLEXIBLE 4X5MTS', 'FLX', 'BOSH', 1200, '2022-05-12', '2022-09-27', '2022-09-27', 22, 15, 1, 0, '2022-08-31', 'TERMINO ARRIENDO', '2022-09-01', '2022-09-27', 19, 22800),
(68, 7, 76, 5211, '26', '36545', '36521', 'SONDA FLEXIBLE 4X5MTS', 'FLX', 'BOSH', 1200, '2022-06-07', '2022-09-28', '2022-09-28', 23, 15, 1, 0, '2022-08-31', 'TERMINO ARRIENDO', '2022-09-01', '2022-09-28', 20, 24000),
(69, 7, 77, 5211, '26', '365211', '365211', 'DEMOLEDOR  7 KGS', 'TYU', 'HILTI', 7500, '2022-07-11', '2022-09-27', '2022-09-27', 20, 15, 1, 0, '2022-08-31', 'TERMINO ARRIENDO', '2022-09-01', '2022-09-27', 19, 142500),
(70, 7, 79, 5211, '26', '3652', '3652', 'DEMOLEDOR  7 KGS', 'TYU', 'HILTI', 4500, '2022-09-25', '2022-09-27', '2022-09-27', 19, 15, 1, 0, '0000-00-00', 'TERMINO ARRIENDO', '2022-09-25', '2022-09-27', 2, 9000),
(71, 7, 87, 5214, '30', '3621', '3652', 'CINCELADOR 10 KGS', 'XYZ', 'HILTI', 7500, '2022-09-29', '0000-00-00', '0000-00-00', 0, 0, 0, 0, '0000-00-00', '', '2022-09-29', '2022-09-30', 2, 15000),
(72, 7, 88, 5214, '30', '6521B', '6521B', 'CINCELADOR 10 KGS', 'XYZ', 'HILTI', 7500, '2022-09-29', '0000-00-00', '0000-00-00', 0, 0, 0, 0, '0000-00-00', '', '2022-09-29', '2022-09-30', 2, 15000),
(74, 8, 35, 5206, '19', '36521P', '36521', 'CINCELADOR 5 KILOS', 'TGB', 'BOSH', 5000, '2022-05-03', '2022-09-27', '2022-09-27', 18, 15, 1, 0, '2022-08-31', 'TERMINO ARRIENDO', '2022-09-01', '2022-09-27', 27, 135000),
(75, 8, 39, 5204, '21', '362541', '362541', 'SONDA FLEXIBLE 4X5MTS', 'FLX', 'BOSH', 1200, '2022-05-09', '0000-00-00', '0000-00-00', 0, 0, 0, 0, '2022-08-31', '', '2022-09-01', '2022-09-30', 30, 36000),
(76, 8, 40, 5204, '21', '6521', '6521', 'CINCELADOR 5 KILOS', 'AVR', 'BOSH', 3400, '2022-05-09', '0000-00-00', '0000-00-00', 0, 0, 0, 0, '2022-08-31', '', '2022-09-01', '2022-09-30', 30, 102000),
(77, 8, 46, 5204, '21', '36545', '36521', 'SONDA FLEXIBLE 4X5MTS', 'FLX', 'BOSH', 1200, '2022-05-09', '2022-09-27', '2022-09-27', 21, 15, 1, 0, '2022-08-31', 'TERMINO ARRIENDO', '2022-09-01', '2022-09-27', 27, 32400),
(78, 8, 54, 5204, '21', '654111', '654111', 'SONDA FLEXIBLE 4X5MTS', 'FLX', 'BOSH', 1000, '2022-05-12', '0000-00-00', '0000-00-00', 0, 0, 0, 0, '2022-08-31', '', '2022-09-01', '2022-09-30', 30, 30000),
(79, 8, 62, 5204, '21', '985474', '985474', 'CINCELADOR 5 KILOS', 'TGB', 'BOSH', 5000, '2022-05-23', '2022-09-27', '2022-09-27', 21, 15, 1, 0, '2022-08-31', 'TERMINO ARRIENDO', '2022-09-01', '2022-09-27', 27, 135000),
(80, 8, 64, 5204, '21', '854741', '854741', 'CINCELADOR 5 KILOS', 'TGB', 'BOSH', 5000, '2022-05-23', '0000-00-00', '0000-00-00', 0, 0, 0, 0, '2022-08-31', '', '2022-09-01', '2022-09-30', 30, 150000),
(81, 8, 72, 5206, '19', '65212', '65212', 'SONDA FLEXIBLE 4X5MTS', 'FLX', 'BOSH', 1000, '2022-05-31', '0000-00-00', '0000-00-00', 0, 0, 0, 0, '2022-08-31', '', '2022-09-01', '2022-09-30', 30, 30000),
(82, 8, 45, 5204, '21', '365211', '365211', 'DEMOLEDOR  7 KGS', 'TYU', 'HILTI', 7500, '2022-05-09', '0000-00-00', '0000-00-00', 0, 0, 0, 0, '2022-08-31', '', '2022-09-01', '2022-09-30', 30, 225000),
(83, 8, 61, 5204, '21', 'PCG524', '854545', 'CINCELADOR 10 KGS', 'XYZ', 'HILTI', 9000, '2022-05-23', '0000-00-00', '0000-00-00', 0, 0, 0, 0, '2022-08-31', '', '2022-09-01', '2022-09-30', 30, 270000),
(84, 8, 63, 5204, '21', '98544', '98544', 'CINCELADOR 10 KGS', 'TGH', 'BLACK AND DECKER', 8500, '2022-05-23', '2022-09-27', '2022-09-27', 18, 15, 1, 0, '2022-08-31', 'TERMINO ARRIENDO', '2022-09-01', '2022-09-27', 27, 229500),
(89, 9, 55, 5205, '20', '65212', '65212', 'SONDA FLEXIBLE 4X5MTS', 'FLX', 'BOSH', 1200, '2022-05-22', '0000-00-00', '0000-00-00', 0, 0, 0, 0, '2022-08-31', '', '2022-09-01', '2022-09-30', 22, 26400),
(90, 9, 56, 5205, '20', '78001452', '745844854', 'SONDA FLEXIBLE 4X5MTS', 'FLX', 'BOSH', 1200, '2022-05-22', '0000-00-00', '0000-00-00', 0, 0, 0, 0, '2022-08-31', '', '2022-09-01', '2022-09-30', 22, 26400),
(91, 9, 57, 5205, '20', '9658445', '9658445', 'SONDA FLEXIBLE 4X5MTS', 'FLX', 'BOSH', 1200, '2022-05-22', '0000-00-00', '0000-00-00', 0, 0, 0, 0, '2022-08-31', '', '2022-09-01', '2022-09-30', 22, 26400),
(92, 9, 69, 5205, '20', '6521', '6521', 'CINCELADOR 5 KILOS', 'AVR', 'BOSH', 3400, '2022-05-23', '0000-00-00', '0000-00-00', 0, 0, 0, 0, '2022-08-31', '', '2022-09-01', '2022-09-30', 22, 74800),
(93, 9, 70, 5205, '20', '8544', '8544', 'CINCELADOR 5 KILOS', 'AVR', 'BOSH', 3400, '2022-05-23', '0000-00-00', '0000-00-00', 0, 0, 0, 0, '2022-08-31', '', '2022-09-01', '2022-09-30', 22, 74800),
(94, 9, 71, 5205, '20', '65211', '65214', 'CINCELADOR 5 KILOS', 'TGB', 'BOSH', 5500, '2022-05-23', '0000-00-00', '0000-00-00', 0, 0, 0, 0, '2022-08-31', '', '2022-09-01', '2022-09-30', 22, 121000),
(95, 9, 34, 5205, '20', '3622', '3621', 'CINCELADOR 10 KGS', 'XYZ', 'HILTI', 7500, '2022-05-03', '0000-00-00', '0000-00-00', 0, 0, 0, 0, '2022-08-31', '', '2022-09-01', '2022-09-30', 22, 165000),
(96, 9, 36, 5205, '20', '36545', '36545', 'CINCELADOR 10 KGS', 'XYZ', 'HILTI', 7500, '2022-05-03', '0000-00-00', '0000-00-00', 0, 0, 0, 0, '2022-08-31', '', '2022-09-01', '2022-09-30', 22, 165000),
(97, 9, 80, 5212, '20', 'ELAS45', '65877', 'SONDA FLEXIBLE ELASTICA', 'ELAS', 'HILTI', 4000, '2022-09-25', '0000-00-00', '0000-00-00', 0, 0, 0, 59, '0000-00-00', '', '2022-09-25', '2022-09-30', 5, 20000),
(98, 9, 81, 5212, '27', '6521', '6521', 'CINCELADOR 10 KGS', 'XYZ', 'HILTI', 7500, '2022-09-25', '0000-00-00', '0000-00-00', 0, 0, 0, 0, '0000-00-00', '', '2022-09-25', '2022-09-30', 5, 37500),
(99, 9, 58, 5205, '20', '6521P', '6521', 'CINCELADOR 10 KGS', 'TGH', 'BLACK AND DECKER', 5600, '2022-05-22', '2022-09-26', '2022-09-26', 17, 15, 1, 0, '2022-08-31', 'TERMINO ARRIENDO', '2022-09-01', '2022-09-26', 18, 100800),
(100, 9, 59, 5205, '20', '32100', '32100', 'CINCELADOR 10 KGS', 'TGH', 'BLACK AND DECKER', 5600, '2022-05-22', '2022-09-26', '2022-09-26', 17, 11, 1, 0, '2022-08-31', 'CAMBIO', '2022-09-01', '2022-09-26', 18, 100800),
(101, 9, 65, 5205, '20', '6522', '6522', 'CINCELADOR 10 KGS', 'TGH', 'BLACK AND DECKER', 5600, '2022-05-23', '0000-00-00', '0000-00-00', 0, 0, 0, 0, '2022-08-31', '', '2022-09-01', '2022-09-30', 22, 123200),
(102, 9, 66, 5205, '20', '85474', '25412', 'CINCELADOR 10 KGS', 'TGH', 'BLACK AND DECKER', 5600, '2022-05-23', '0000-00-00', '0000-00-00', 0, 0, 0, 0, '2022-08-31', '', '2022-09-01', '2022-09-30', 22, 123200),
(103, 9, 67, 5205, '20', '6522365', '6522', 'CINCELADOR 10 KGS', 'TGH', 'BLACK AND DECKER', 5600, '2022-05-23', '0000-00-00', '0000-00-00', 0, 0, 0, 0, '2022-08-31', '', '2022-09-01', '2022-09-30', 22, 123200),
(104, 10, 87, 5214, '30', '3621', '3652', 'CINCELADOR 10 KGS', 'XYZ', 'HILTI', 7500, '2022-09-29', '2022-10-05', '2022-09-29', 29, 15, 1, 0, '2022-09-30', 'TERMINO ARRIENDO', '2022-10-01', '2022-10-05', 3, 22500),
(105, 10, 88, 5214, '30', '6521B', '6521B', 'CINCELADOR 10 KGS', 'XYZ', 'HILTI', 7500, '2022-09-29', '2022-10-05', '2022-09-29', 29, 15, 1, 0, '2022-09-30', 'TERMINO ARRIENDO', '2022-10-01', '2022-10-05', 3, 22500),
(106, 10, 90, 5214, '30', '365211', '365211', 'DEMOLEDOR  7 KGS', 'TYU', 'HILTI', 4500, '2022-10-11', '2022-10-19', '2022-10-19', 31, 15, 1, 0, '0000-00-00', 'TERMINO ARRIENDO', '2022-10-11', '2022-10-19', 7, 31500),
(107, 11, 125, 5216, '33', '2897', '2897', 'ESMERIL 4 1/2', 'ES87', 'HILTI', 4500, '2022-10-13', '0000-00-00', '0000-00-00', 0, 0, 0, 0, '0000-00-00', '', '2022-10-13', '2022-10-31', 12, 54000),
(108, 12, 164, 5232, '57', '36521P', '36521', 'CINCELADOR 5 KILOS', 'TGB', 'BOSH', 5500, '2022-10-28', '0000-00-00', '0000-00-00', 0, 0, 0, 0, '0000-00-00', '', '2022-10-28', '2022-10-31', 2, 11000),
(109, 12, 152, 5227, '49', '3621', '3652', 'CINCELADOR 10 KGS', 'XYZ', 'HILTI', 7500, '2022-10-26', '0000-00-00', '0000-00-00', 0, 0, 0, 0, '0000-00-00', '', '2022-10-26', '2022-10-31', 4, 30000),
(110, 12, 153, 5227, '49', '6521', '6521', 'CINCELADOR 10 KGS', 'XYZ', 'HILTI', 7500, '2022-10-26', '0000-00-00', '0000-00-00', 0, 0, 0, 0, '0000-00-00', '', '2022-10-26', '2022-10-31', 4, 30000),
(111, 12, 154, 5227, '49', '2830', '2830', 'ESMERIL 4 1/2', 'ES87', 'HILTI', 4500, '2022-10-28', '2022-10-29', '2022-10-27', 32, 11, 1, 0, '0000-00-00', 'CAMBIO', '2022-10-28', '2022-10-29', 2, 9000),
(112, 12, 155, 5228, '49', '2831', '2831', 'ESMERIL 4 1/2', 'ES87', 'HILTI', 4500, '2022-10-29', '0000-00-00', '0000-00-00', 0, 0, 0, 154, '0000-00-00', '', '2022-10-29', '2022-10-31', 1, 4500),
(113, 12, 159, 5228, '50', '2898', '2898', 'ESMERIL 4 1/2', 'ES87', 'HILTI', 4500, '2022-10-29', '0000-00-00', '0000-00-00', 0, 0, 0, 0, '0000-00-00', '', '2022-10-29', '2022-10-31', 1, 4500),
(114, 12, 162, 5231, '55', '652144', '652144', 'CINCELADOR 10 KGS', 'XYZ', 'HILTI', 7500, '2022-10-28', '0000-00-00', '0000-00-00', 0, 0, 0, 0, '0000-00-00', '', '2022-10-28', '2022-10-31', 2, 15000),
(115, 12, 163, 5231, '55', '6521B', '6521B', 'CINCELADOR 10 KGS', 'XYZ', 'HILTI', 7500, '2022-10-28', '0000-00-00', '0000-00-00', 0, 0, 0, 0, '0000-00-00', '', '2022-10-28', '2022-10-31', 2, 15000),
(131, 16, 125, 5216, '33', '2897', '2897', 'ESMERIL 4 1/2', 'ES87', 'HILTI', 4500, '2022-10-13', '0000-00-00', '0000-00-00', 0, 0, 0, 0, '2022-10-31', '', '2022-11-01', '2022-11-30', 22, 99000),
(132, 17, 166, 5233, '59', '36545', '36521', 'SONDA FLEXIBLE 4X5MTS', 'FLX', 'BOSH', 1200, '2022-11-07', '0000-00-00', '0000-00-00', 0, 0, 0, 0, '0000-00-00', '', '2022-11-07', '2022-11-30', 24, 28800),
(133, 17, 168, 5233, '59', 'KVA52', 'KVA52', 'GENERADOR 4KVA', 'KVA10', 'BOSH', 2500, '2022-11-07', '2022-11-25', '2022-11-19', 35, 15, 1, 0, '0000-00-00', 'TERMINO ARRIENDO', '2022-11-07', '2022-11-25', 19, 47500),
(134, 17, 169, 5233, '59', 'SAB02', '03254744100', 'ESMERIL ANGULAR 9\'\'', 'ESM', 'BOSH', 3500, '2022-11-07', '2022-11-25', '2022-11-19', 35, 15, 1, 0, '0000-00-00', 'TERMINO ARRIENDO', '2022-11-07', '2022-11-25', 19, 66500),
(135, 17, 167, 5233, '59', '6528744L', '5212', 'CINCELADOR 10 KGS', 'XYZ', 'HILTI', 7500, '2022-11-07', '0000-00-00', '0000-00-00', 0, 0, 0, 0, '0000-00-00', '', '2022-11-07', '2022-11-30', 24, 180000),
(136, 17, 170, 5233, '59', 'SMBH02', '65844401', 'ESMERIL ANGULAR 9\'\'', 'SMBH', 'HILTI', 4500, '2022-11-07', '0000-00-00', '0000-00-00', 0, 0, 0, 0, '0000-00-00', '', '2022-11-07', '2022-11-30', 24, 108000),
(139, 18, 164, 5232, '57', '36521P', '36521', 'CINCELADOR 5 KILOS', 'TGB', 'BOSH', 5500, '2022-10-28', '0000-00-00', '0000-00-00', 0, 0, 0, 0, '2022-10-31', '', '2022-11-01', '2022-11-30', 26, 143000),
(140, 18, 152, 5227, '49', '3621', '3652', 'CINCELADOR 10 KGS', 'XYZ', 'HILTI', 7500, '2022-10-26', '0000-00-00', '0000-00-00', 0, 0, 0, 0, '2022-10-31', '', '2022-11-01', '2022-11-30', 26, 195000),
(141, 18, 153, 5227, '49', '6521', '6521', 'CINCELADOR 10 KGS', 'XYZ', 'HILTI', 7500, '2022-10-26', '2022-11-03', '2022-11-06', 33, 15, 1, 0, '2022-10-31', 'TERMINO ARRIENDO', '2022-11-01', '2022-11-03', 3, 22500),
(142, 18, 155, 5228, '49', '2831', '2831', 'ESMERIL 4 1/2', 'ES87', 'HILTI', 4500, '2022-10-29', '2022-11-03', '2022-11-06', 33, 15, 1, 154, '2022-10-31', 'TERMINO ARRIENDO', '2022-11-01', '2022-11-03', 3, 13500),
(143, 18, 159, 5228, '50', '2898', '2898', 'ESMERIL 4 1/2', 'ES87', 'HILTI', 4500, '2022-10-29', '0000-00-00', '0000-00-00', 0, 0, 0, 0, '2022-10-31', '', '2022-11-01', '2022-11-30', 26, 117000),
(144, 18, 162, 5231, '55', '652144', '652144', 'CINCELADOR 10 KGS', 'XYZ', 'HILTI', 7500, '2022-10-28', '0000-00-00', '0000-00-00', 0, 0, 0, 0, '2022-10-31', '', '2022-11-01', '2022-11-30', 26, 195000),
(145, 18, 163, 5231, '55', '6521B', '6521B', 'CINCELADOR 10 KGS', 'XYZ', 'HILTI', 7500, '2022-10-28', '0000-00-00', '0000-00-00', 0, 0, 0, 0, '2022-10-31', '', '2022-11-01', '2022-11-30', 26, 195000),
(146, 19, 55, 5205, '20', '65212', '65212', 'SONDA FLEXIBLE 4X5MTS', 'FLX', 'BOSH', 1200, '2022-05-22', '0000-00-00', '0000-00-00', 0, 0, 0, 0, '2022-09-30', '', '2022-10-01', '2022-11-30', 42, 50400),
(147, 19, 56, 5205, '20', '78001452', '745844854', 'SONDA FLEXIBLE 4X5MTS', 'FLX', 'BOSH', 1200, '2022-05-22', '0000-00-00', '0000-00-00', 0, 0, 0, 0, '2022-09-30', '', '2022-10-01', '2022-11-30', 42, 50400),
(148, 19, 57, 5205, '20', '9658445', '9658445', 'SONDA FLEXIBLE 4X5MTS', 'FLX', 'BOSH', 1200, '2022-05-22', '2022-10-10', '2022-10-10', 30, 15, 1, 0, '2022-09-30', 'TERMINO ARRIENDO', '2022-10-01', '2022-10-10', 6, 7200),
(149, 19, 69, 5205, '20', '6521', '6521', 'CINCELADOR 5 KILOS', 'AVR', 'BOSH', 3400, '2022-05-23', '0000-00-00', '0000-00-00', 0, 0, 0, 0, '2022-09-30', '', '2022-10-01', '2022-11-30', 42, 142800),
(150, 19, 70, 5205, '20', '8544', '8544', 'CINCELADOR 5 KILOS', 'AVR', 'BOSH', 3400, '2022-05-23', '0000-00-00', '0000-00-00', 0, 0, 0, 0, '2022-09-30', '', '2022-10-01', '2022-11-30', 42, 142800),
(151, 19, 71, 5205, '20', '65211', '65214', 'CINCELADOR 5 KILOS', 'TGB', 'BOSH', 5500, '2022-05-23', '0000-00-00', '0000-00-00', 0, 0, 0, 0, '2022-09-30', '', '2022-10-01', '2022-11-30', 42, 231000),
(152, 19, 34, 5205, '20', '3622', '3621', 'CINCELADOR 10 KGS', 'XYZ', 'HILTI', 7500, '2022-05-03', '0000-00-00', '0000-00-00', 0, 0, 0, 0, '2022-09-30', '', '2022-10-01', '2022-11-30', 42, 315000),
(153, 19, 36, 5205, '20', '36545', '36545', 'CINCELADOR 10 KGS', 'XYZ', 'HILTI', 7500, '2022-05-03', '0000-00-00', '0000-00-00', 0, 0, 0, 0, '2022-09-30', '', '2022-10-01', '2022-11-30', 42, 315000),
(154, 19, 80, 5212, '20', 'ELAS45', '65877', 'SONDA FLEXIBLE ELASTICA', 'ELAS', 'HILTI', 4000, '2022-09-25', '0000-00-00', '0000-00-00', 0, 0, 0, 59, '2022-09-30', '', '2022-10-01', '2022-11-30', 42, 168000),
(155, 19, 81, 5212, '27', '6521', '6521', 'CINCELADOR 10 KGS', 'XYZ', 'HILTI', 7500, '2022-09-25', '0000-00-00', '0000-00-00', 0, 0, 0, 0, '2022-09-30', '', '2022-10-01', '2022-11-30', 42, 315000),
(156, 19, 65, 5205, '20', '6522', '6522', 'CINCELADOR 10 KGS', 'TGH', 'BLACK AND DECKER', 5600, '2022-05-23', '2022-10-10', '2022-10-10', 30, 15, 1, 0, '2022-09-30', 'TERMINO ARRIENDO', '2022-10-01', '2022-10-10', 6, 33600),
(157, 19, 66, 5205, '20', '85474', '25412', 'CINCELADOR 10 KGS', 'TGH', 'BLACK AND DECKER', 5600, '2022-05-23', '0000-00-00', '0000-00-00', 0, 0, 0, 0, '2022-09-30', '', '2022-10-01', '2022-11-30', 42, 235200),
(158, 19, 67, 5205, '20', '6522365', '6522', 'CINCELADOR 10 KGS', 'TGH', 'BLACK AND DECKER', 5600, '2022-05-23', '0000-00-00', '0000-00-00', 0, 0, 0, 0, '2022-09-30', '', '2022-10-01', '2022-11-30', 42, 235200);

-- --------------------------------------------------------

--
-- Estructura de tabla para la tabla `eepp_detalle_materiales`
--

CREATE TABLE `eepp_detalle_materiales` (
  `id` bigint(11) NOT NULL,
  `id_eepp` int(11) NOT NULL,
  `id_guia_detalle` int(11) NOT NULL,
  `guia` int(11) NOT NULL,
  `fecha` date NOT NULL,
  `codigo` text COLLATE utf8_spanish_ci NOT NULL,
  `material` text COLLATE utf8_spanish_ci NOT NULL,
  `cantidad` decimal(10,0) NOT NULL,
  `precio` int(11) NOT NULL,
  `total` int(11) NOT NULL
) ENGINE=InnoDB DEFAULT CHARSET=utf8 COLLATE=utf8_spanish_ci;

--
-- Volcado de datos para la tabla `eepp_detalle_materiales`
--

INSERT INTO `eepp_detalle_materiales` (`id`, `id_eepp`, `id_guia_detalle`, `guia`, `fecha`, `codigo`, `material`, `cantidad`, `precio`, `total`) VALUES
(1, 9, 34, 5212, '2022-09-25', '58755332G', 'PUNTA ACERO HILTI', '2', 6500, 13000),
(2, 9, 35, 5212, '2022-09-25', '89658744L', 'PALETA ACERO HILTI', '3', 6400, 19200),
(13, 17, 38, 5233, '2022-11-19', '58755332G', 'PUNTA ACERO HILTI', '1', 6500, 6500),
(14, 17, 39, 5233, '2022-11-19', '89658744L', 'PALETA ACERO HILTI', '1', 6400, 6400),
(16, 18, 25, 5230, '2022-11-03', '58755332G', 'PUNTA ACERO HILTI', '3', 6500, 19500),
(17, 18, 29, 5232, '2022-11-03', '58755332G', 'PUNTA ACERO HILTI', '4', 6500, 26000),
(18, 18, 31, 5232, '2022-11-03', '58755332G', 'PUNTA ACERO HILTI', '1', 8500, 8500),
(19, 18, 32, 5232, '2022-11-03', '58755332G', 'PUNTA ACERO HILTI', '2', 6500, 13000),
(20, 18, 27, 5230, '2022-11-03', '89658744L', 'PALETA ACERO HILTI', '3', 6400, 19200);

-- --------------------------------------------------------

--
-- Estructura de tabla para la tabla `eepp_dias_descuento`
--

CREATE TABLE `eepp_dias_descuento` (
  `id` int(11) NOT NULL,
  `id_eepp` int(11) NOT NULL,
  `fecha` date NOT NULL
) ENGINE=InnoDB DEFAULT CHARSET=utf8 COLLATE=utf8_spanish_ci;

-- --------------------------------------------------------

--
-- Estructura de tabla para la tabla `empresas_operativas`
--

CREATE TABLE `empresas_operativas` (
  `id` int(11) NOT NULL,
  `rut_empresa` text COLLATE utf8_spanish_ci NOT NULL,
  `razon_social` text COLLATE utf8_spanish_ci NOT NULL,
  `giro` text COLLATE utf8_spanish_ci NOT NULL,
  `telefono` text COLLATE utf8_spanish_ci NOT NULL,
  `direccion` text COLLATE utf8_spanish_ci NOT NULL,
  `comuna` text COLLATE utf8_spanish_ci NOT NULL,
  `ciudad` text COLLATE utf8_spanish_ci NOT NULL,
  `codigo_actividad` text COLLATE utf8_spanish_ci NOT NULL
) ENGINE=InnoDB DEFAULT CHARSET=utf8 COLLATE=utf8_spanish_ci;

--
-- Volcado de datos para la tabla `empresas_operativas`
--

INSERT INTO `empresas_operativas` (`id`, `rut_empresa`, `razon_social`, `giro`, `telefono`, `direccion`, `comuna`, `ciudad`, `codigo_actividad`) VALUES
(1, '77756789-7', 'FYB ARRIENDOS SPA', 'ARRIENDO MAQUINARIA CONSTRUCCION', '265987451', 'RECOLETA 6585', 'RECOLETA', 'SANTIAGO', '965844');

-- --------------------------------------------------------

--
-- Estructura de tabla para la tabla `empresa_transporte`
--

CREATE TABLE `empresa_transporte` (
  `id` int(11) NOT NULL,
  `rut` text COLLATE utf8_spanish_ci NOT NULL
) ENGINE=InnoDB DEFAULT CHARSET=utf8 COLLATE=utf8_spanish_ci;

--
-- Volcado de datos para la tabla `empresa_transporte`
--

INSERT INTO `empresa_transporte` (`id`, `rut`) VALUES
(1, '76015943-3');

-- --------------------------------------------------------

--
-- Estructura de tabla para la tabla `equipos`
--

CREATE TABLE `equipos` (
  `id` bigint(11) NOT NULL,
  `id_nombre_equipos` int(11) NOT NULL,
  `id_factura` int(11) NOT NULL,
  `codigo` text COLLATE utf8_spanish_ci NOT NULL,
  `numero_serie` text COLLATE utf8_spanish_ci NOT NULL,
  `precio_compra` int(11) NOT NULL,
  `tiene_movimiento` int(11) NOT NULL DEFAULT 0,
  `id_estado` int(11) NOT NULL DEFAULT 1,
  `fecha_creado` timestamp NOT NULL DEFAULT current_timestamp(),
  `creacion` timestamp NOT NULL DEFAULT current_timestamp(),
  `id_sucursal` int(11) NOT NULL DEFAULT 1,
  `codigo_anterior` text COLLATE utf8_spanish_ci DEFAULT NULL,
  `serie_anterior` text COLLATE utf8_spanish_ci DEFAULT NULL
) ENGINE=InnoDB DEFAULT CHARSET=utf8 COLLATE=utf8_spanish_ci;

--
-- Volcado de datos para la tabla `equipos`
--

INSERT INTO `equipos` (`id`, `id_nombre_equipos`, `id_factura`, `codigo`, `numero_serie`, `precio_compra`, `tiene_movimiento`, `id_estado`, `fecha_creado`, `creacion`, `id_sucursal`, `codigo_anterior`, `serie_anterior`) VALUES
(2, 7, 1, '654111', '654111', 165000, 1, 2, '2022-03-14 14:04:38', '2022-03-14 14:04:38', 1, '654111', '654111'),
(7, 7, 1, '9658445', '9658445', 36500, 1, 1, '2022-03-14 14:51:53', '2022-03-14 14:51:53', 2, '9658445', '9658445'),
(8, 16, 1, '6541110', '6541110', 36222, 1, 1, '2022-03-14 17:06:50', '2022-03-14 17:06:50', 1, '6541110', '6541110'),
(9, 16, 3, '3652', '3652', 650000, 1, 1, '2022-03-14 18:08:36', '2022-03-14 18:08:36', 1, '3652', '3652'),
(10, 16, 6, '365211', '365211', 65222, 1, 32, '2022-03-14 18:13:02', '2022-03-14 18:13:02', 1, '365211', '365211'),
(11, 7, 7, '362541', '362541', 96000, 1, 2, '2022-03-14 18:24:18', '2022-03-14 18:24:18', 1, '362541', '362541'),
(12, 11, 8, '8544', '8544', 200000, 1, 2, '2022-03-14 19:46:51', '2022-03-14 19:46:51', 1, '8544', '8544'),
(13, 15, 7, '854741', '854741', 365000, 1, 2, '2022-03-14 20:22:19', '2022-03-14 20:22:19', 1, '854741', '854741'),
(14, 6, 9, '98544', '98544', 652000, 1, 21, '2022-03-14 20:39:02', '2022-03-14 20:39:02', 1, '98544', '98544'),
(15, 15, 9, '985474', '985474', 562000, 1, 1, '2022-03-14 20:39:18', '2022-03-14 20:39:18', 1, '985474', '985474'),
(16, 15, 1, '36521P', '36521', 65000, 1, 2, '2022-03-14 20:55:40', '2022-03-14 20:55:40', 1, '36521', '36521'),
(17, 8, 10, '652144', '652144', 320000, 1, 2, '2022-03-14 21:08:35', '2022-03-14 21:08:35', 1, '652144', '652144'),
(18, 8, 10, '658455', '658455', 320000, 1, 2, '2022-03-14 21:08:49', '2022-03-14 21:08:49', 1, '658455', '658455'),
(19, 8, 10, 'PCG524', '854545', 320000, 1, 29, '2022-03-14 21:09:40', '2022-03-14 21:09:40', 1, 'PCG524', '854545'),
(25, 6, 14, '6521P', '6521', 36500, 1, 31, '2022-03-15 21:45:46', '2022-03-15 21:45:46', 1, '6521', '6521'),
(26, 6, 14, '6522', '6522', 5600, 1, 21, '2022-03-15 21:46:09', '2022-03-15 21:46:09', 1, '6522', '6521'),
(27, 6, 14, '6522365', '6522', 0, 1, 32, '2022-03-15 21:46:12', '2022-03-15 21:46:12', 1, '6522365', '6522'),
(28, 8, 14, '6521', '6521', 36800, 1, 2, '2022-03-15 21:52:10', '2022-03-15 21:52:10', 1, '6521', '6521'),
(29, 8, 14, '698542541', '69854', 36800, 1, 5, '2022-03-15 21:52:30', '2022-03-15 21:52:30', 1, '698542541', '69854'),
(30, 8, 3, '3621', '3652', 36800, 1, 32, '2022-03-15 21:59:21', '2022-03-15 21:59:21', 1, '3621', '3652'),
(31, 8, 3, '3622', '3621', 36800, 1, 2, '2022-03-15 21:59:41', '2022-03-15 21:59:41', 1, '3622', '3621'),
(32, 7, 15, '36545', '36521', 1200, 1, 1, '2022-03-15 22:01:33', '2022-03-15 22:01:33', 1, '36545', '36521'),
(36, 8, 15, '36545', '36545', 69800, 1, 2, '2022-03-15 22:19:04', '2022-03-15 22:19:04', 1, '36545', '36545'),
(44, 8, 12, '6521A', '6521', 7500, 1, 5, '2022-03-15 22:46:36', '2022-03-15 22:46:36', 1, '6521', '6521'),
(45, 8, 12, '6521B', '6521B', 7500, 1, 2, '2022-03-15 22:46:58', '2022-03-15 22:46:58', 1, '6521', '6521'),
(46, 8, 12, '6521D', '6521D', 65200, 1, 32, '2022-03-15 22:47:54', '2022-03-15 22:47:54', 1, '6521D', '6521D'),
(47, 11, 12, '652111', '652111', 3400, 1, 2, '2022-03-15 22:48:12', '2022-03-15 22:48:12', 1, '652111', '652111'),
(48, 11, 12, '6521B', '6521B', 85445, 1, 32, '2022-03-15 22:48:49', '2022-03-15 22:48:49', 1, '6521B', '6521B'),
(49, 11, 12, '6521C', '6521C', 96500, 1, 2, '2022-03-15 22:49:52', '2022-03-15 22:49:52', 1, '6521C', '6521C'),
(51, 7, 11, '65212', '65212', 985445, 1, 2, '2022-03-15 22:53:55', '2022-03-15 22:53:55', 1, '65212', '65212'),
(52, 7, 11, '652198', '65219874561', 1200, 1, 1, '2022-03-15 22:54:02', '2022-03-15 22:54:02', 1, '652198', '652198'),
(58, 8, 13, '65844', '65844', 98500, 1, 5, '2022-03-15 23:05:12', '2022-03-15 23:05:12', 1, '65844', '65844'),
(59, 15, 11, '65211', '65214', 69800, 1, 2, '2022-03-16 22:28:03', '2022-03-16 22:28:03', 1, '65211', '65214'),
(60, 6, 16, '85474', '25412', 63254, 1, 25, '2022-03-16 22:53:15', '2022-03-16 22:53:15', 1, '85474', '25412'),
(61, 6, 16, '32100', '32100', 65200, 1, 5, '2022-03-21 15:47:23', '2022-03-21 15:47:23', 1, '32100', '32100'),
(62, 8, 15, '6528744L', '5212', 63200, 1, 2, '2022-04-08 01:33:45', '2022-04-08 01:33:45', 1, '6528744L', '5212'),
(63, 7, 16, '78001452', '745844854', 68000, 1, 5, '2022-05-13 06:07:53', '2022-05-13 06:07:53', 1, '78001452', '745844854'),
(69, 11, 16, '85PP', '85PP', 0, 1, 1, '2022-09-01 14:31:06', '2022-09-01 14:31:06', 1, '85PP', '85PP'),
(70, 11, 16, '789PO', '789PO', 369000, 1, 1, '2022-09-01 14:31:20', '2022-09-01 14:31:20', 2, '789PO', '789PO'),
(72, 7, 17, 'RTPO09', 'OPRRR4555', 4500, 1, 1, '2022-09-01 14:45:42', '2022-09-01 14:45:42', 1, 'RTPO09', 'OPRRR4555'),
(73, 20, 17, 'ELAS45', '65877', 4000, 1, 32, '2022-09-25 04:19:16', '2022-09-25 04:19:16', 1, 'ELAS45', '65877'),
(74, 22, 18, 'EAH9251100', '6584400', 95000, 1, 1, '2022-10-08 00:46:24', '2022-10-08 00:46:24', 1, 'EAH9251100', '6584400'),
(75, 22, 18, 'SMBH02', '65844401', 95000, 1, 2, '2022-10-08 00:47:13', '2022-10-08 00:47:13', 1, 'SMBH02', '65844401'),
(76, 21, 19, 'SAB01', '987002355', 85000, 1, 1, '2022-10-08 00:48:16', '2022-10-08 00:48:16', 1, 'SAB01', '987002355'),
(77, 21, 19, 'SAB02', '03254744100', 85000, 1, 32, '2022-10-08 00:48:27', '2022-10-08 00:48:27', 1, 'SAB02', '03254744100'),
(78, 21, 19, 'SAB03', '433EE5845', 85000, 1, 1, '2022-10-08 00:48:39', '2022-10-08 00:48:39', 1, 'SAB03', '433EE5845'),
(79, 24, 20, '2897', '2897', 4500, 1, 1, '2022-10-13 16:52:07', '2022-10-13 16:52:07', 1, '2897', '2897'),
(80, 24, 20, '2898', '2898', 190000, 1, 1, '2022-10-13 16:52:19', '2022-10-13 16:52:19', 1, '2898', '2898'),
(81, 24, 20, '2899', '2899', 190000, 1, 1, '2022-10-13 16:52:26', '2022-10-13 16:52:26', 2, '2899', '2899'),
(82, 24, 20, '2830', '2830', 190000, 1, 1, '2022-10-13 16:52:32', '2022-10-13 16:52:32', 1, '2830', '2830'),
(83, 24, 20, '2831', '2831', 190000, 1, 1, '2022-10-13 16:52:39', '2022-10-13 16:52:39', 1, '2831', '2831'),
(84, 26, 21, 'KVA52', 'KVA52', 2500000, 1, 1, '2022-10-19 21:14:47', '2022-10-19 21:14:47', 1, 'KVA52', 'KVA52'),
(85, 26, 21, 'KVA53', 'KVA53', 2500000, 1, 1, '2022-10-19 21:14:59', '2022-10-19 21:14:59', 1, 'KVA53', 'KVA53'),
(86, 25, 20, '985500LKO', '98500LKO', 210000, 0, 1, '2022-11-02 12:36:47', '2022-11-02 12:36:47', 1, '985500LKO', '98500LKO'),
(87, 7, 22, '25410025', '25410025', 452000, 1, 1, '2023-02-02 05:12:01', '2023-02-02 05:12:01', 1, '25410025', '25410025');

-- --------------------------------------------------------

--
-- Estructura de tabla para la tabla `equipos_traslados_detalles`
--

CREATE TABLE `equipos_traslados_detalles` (
  `id` bigint(11) NOT NULL,
  `id_pedido_interno` int(11) DEFAULT NULL,
  `id_pedido_interno_detalle` int(11) DEFAULT NULL,
  `id_equipo` int(11) NOT NULL,
  `detalles` text COLLATE utf8_spanish_ci DEFAULT NULL,
  `id_guia_despacho` int(11) DEFAULT NULL,
  `numero_guia_despacho` int(11) DEFAULT NULL,
  `validado` tinyint(1) NOT NULL DEFAULT 0
) ENGINE=InnoDB DEFAULT CHARSET=utf8 COLLATE=utf8_spanish_ci;

-- --------------------------------------------------------

--
-- Estructura de tabla para la tabla `estados`
--

CREATE TABLE `estados` (
  `id` int(11) NOT NULL,
  `descripcion` text COLLATE utf8_spanish_ci NOT NULL,
  `tipo_estado` text COLLATE utf8_spanish_ci DEFAULT NULL
) ENGINE=InnoDB DEFAULT CHARSET=utf8 COLLATE=utf8_spanish_ci;

--
-- Volcado de datos para la tabla `estados`
--

INSERT INTO `estados` (`id`, `descripcion`, `tipo_estado`) VALUES
(1, 'DISPONIBLE', 'ESTADO'),
(2, 'ARRENDADO', 'EQUIPO'),
(3, 'SERVICIO TECNICO', 'EQUIPO'),
(4, 'DE BAJA', 'EQUIPO'),
(5, 'EN TRASLADO', 'EQUIPO'),
(6, 'ROBADO', 'EQUIPO'),
(7, 'EN PROCESO', 'DOCUMENTO'),
(8, 'PENDIENTE', 'DOCUMENTO'),
(9, 'FINALIZADO', 'DOCUMENTO'),
(10, 'ARRIENDO', 'DOCUMENTO'),
(11, 'CAMBIO', 'DOCUMENTO'),
(12, 'NO ENVIADA SII', 'DOCUMENTO'),
(13, 'TIMBRADA', 'DOCUMENTO'),
(14, 'DTE ANULADO', 'DOCUMENTO'),
(15, 'TERMINO ARRIENDO', 'DOCUMENTO'),
(16, 'POR VALIDAR RETIRO OBRA', 'EQUIPO'),
(17, 'POR VALIDAR ENTREGA OBRA', 'EQUIPO'),
(18, 'EN REVISION DE BODEGA', 'EQUIPO'),
(19, 'EQUIPO NO OPERATIVO', 'EQUIPO'),
(20, 'EN TALLER', 'ESTADO'),
(21, 'EN TALLER EXTERNO', 'ESTADO'),
(22, 'GARANTIA', 'ESTADO'),
(23, 'DADO DE BAJA', 'ESTADO'),
(24, 'REPOSICION POR FACTURAR', 'ESTADO'),
(25, 'REPOSICION FACTURADA', 'ESTADO'),
(26, 'PERDIDA LOGISTICA', 'ESTADO'),
(27, 'PERDIDA DE INVENTARIO', 'ESTADO'),
(28, 'PRESTAMOS', 'ESTADO'),
(29, 'PERDIDAS E INCOBRABLES', 'ESTADO'),
(30, 'VENTA', 'ESTADO'),
(32, 'ESPERA APROBACION CAMBIO ESTADO', 'EQUIPO');

-- --------------------------------------------------------

--
-- Estructura de tabla para la tabla `factura`
--

CREATE TABLE `factura` (
  `id` bigint(11) NOT NULL,
  `id_empresa` int(11) NOT NULL,
  `numero_factura` int(11) NOT NULL,
  `orden_compra` text COLLATE utf8_spanish_ci DEFAULT NULL,
  `hes` text COLLATE utf8_spanish_ci DEFAULT NULL,
  `fecha_orden` date DEFAULT NULL,
  `id_constructora` int(11) NOT NULL,
  `id_obra` int(11) NOT NULL,
  `fecha_factura` date NOT NULL DEFAULT current_timestamp(),
  `iva` decimal(11,2) DEFAULT NULL,
  `neto` int(11) NOT NULL DEFAULT 0,
  `tipo_factura` text COLLATE utf8_spanish_ci NOT NULL DEFAULT 'A',
  `como` text COLLATE utf8_spanish_ci DEFAULT NULL,
  `estado_factura` int(11) NOT NULL DEFAULT 12,
  `rut` text COLLATE utf8_spanish_ci DEFAULT NULL,
  `razon_social` text COLLATE utf8_spanish_ci DEFAULT NULL
) ENGINE=InnoDB DEFAULT CHARSET=utf8 COLLATE=utf8_spanish_ci;

--
-- Volcado de datos para la tabla `factura`
--

INSERT INTO `factura` (`id`, `id_empresa`, `numero_factura`, `orden_compra`, `hes`, `fecha_orden`, `id_constructora`, `id_obra`, `fecha_factura`, `iva`, `neto`, `tipo_factura`, `como`, `estado_factura`, `rut`, `razon_social`) VALUES
(1, 1, 3690, NULL, NULL, NULL, 3, 6, '2023-01-04', '19.00', 350000, 'A', 'EEPP', 13, NULL, NULL),
(2, 1, 3691, NULL, NULL, NULL, 3, 6, '2023-01-04', '19.00', 105400, 'A', 'EEPP', 13, NULL, NULL),
(4, 1, 3692, NULL, NULL, NULL, 3, 6, '2023-01-05', '19.00', 150000, 'A', 'EEPP', 13, NULL, NULL),
(8, 1, 3693, NULL, NULL, NULL, 3, 6, '2023-01-05', '19.00', 128300, 'A', 'EEPP', 13, NULL, NULL),
(9, 1, 3694, NULL, NULL, NULL, 3, 6, '2023-01-05', '19.00', 76500, 'A', 'EEPP', 13, NULL, NULL),
(10, 1, 3695, NULL, NULL, NULL, 3, 6, '2023-01-05', '19.00', 5000, 'A', 'EEPP', 13, NULL, NULL),
(13, 1, 3696, NULL, NULL, NULL, 4, 8, '2023-01-05', '19.00', 573600, 'A', 'OC', 13, NULL, NULL),
(14, 1, 3697, NULL, NULL, NULL, 3, 3, '2023-01-05', '19.00', 140000, 'A', 'EEPP', 13, NULL, NULL),
(15, 1, 3698, NULL, NULL, NULL, 3, 3, '2023-01-05', '19.00', 4000, 'A', 'EEPP', 13, NULL, NULL),
(18, 1, 0, NULL, NULL, NULL, 3, 3, '2023-01-05', '19.00', 8500, 'A', 'EEPP', 12, NULL, NULL),
(19, 1, 3699, NULL, NULL, NULL, 3, 6, '2023-01-29', '19.00', 61500, 'A', 'OC', 13, NULL, NULL);

-- --------------------------------------------------------

--
-- Estructura de tabla para la tabla `facturas_compra_equipos`
--

CREATE TABLE `facturas_compra_equipos` (
  `id` bigint(11) NOT NULL,
  `id_proveedor` int(11) NOT NULL,
  `numero_factura` int(11) NOT NULL,
  `fecha_factura` date NOT NULL,
  `imagen` text COLLATE utf8_spanish_ci DEFAULT NULL,
  `id_sucursal` int(11) NOT NULL,
  `fecha_registro` timestamp NOT NULL DEFAULT current_timestamp(),
  `usuario_registro` text COLLATE utf8_spanish_ci NOT NULL
) ENGINE=InnoDB DEFAULT CHARSET=utf8 COLLATE=utf8_spanish_ci;

--
-- Volcado de datos para la tabla `facturas_compra_equipos`
--

INSERT INTO `facturas_compra_equipos` (`id`, `id_proveedor`, `numero_factura`, `fecha_factura`, `imagen`, `id_sucursal`, `fecha_registro`, `usuario_registro`) VALUES
(1, 2, 96521, '2022-03-14', 'vistas/img/facturaCompra/2-96521', 0, '2022-03-14 14:04:17', 'LEONARDO FREY'),
(3, 1, 98544, '2022-03-14', 'vistas/img/facturaCompra/1-98544.', 0, '2022-03-14 18:08:22', 'LEONARDO FREY'),
(6, 2, 96522, '2022-03-14', 'vistas/img/facturaCompra/2-96522.pdf', 0, '2022-03-14 18:12:00', 'LEONARDO FREY'),
(7, 1, 89565, '2022-03-14', NULL, 0, '2022-03-14 18:24:07', 'LEONARDO FREY'),
(8, 2, 985474, '2022-03-13', NULL, 0, '2022-03-14 19:46:27', 'LEONARDO FREY'),
(9, 2, 98544, '2022-03-14', NULL, 0, '2022-03-14 20:38:48', 'LEONARDO FREY'),
(10, 2, 69854, '2022-03-14', NULL, 0, '2022-03-14 21:07:12', 'LEONARDO FREY'),
(11, 1, 99, '2022-03-15', 'vistas/img/facturaCompra/1-99.pdf', 0, '2022-03-15 20:19:56', 'LEONARDO FREY'),
(12, 2, 99, '2022-03-15', 'vistas/img/facturaCompra/2-99.pdf', 0, '2022-03-15 20:34:01', 'LEONARDO FREY'),
(13, 1, 199, '2022-03-15', 'vistas/img/facturaCompra/1-199.pdf', 0, '2022-03-15 20:50:04', 'LEONARDO FREY'),
(14, 1, 98744, '2022-03-15', 'vistas/img/facturaCompra/1-98744.pdf', 0, '2022-03-15 21:26:00', 'LEONARDO FREY'),
(15, 1, 9854744, '2022-03-16', 'vistas/img/facturaCompra/1-9854744.pdf', 0, '2022-03-15 22:00:31', 'LEONARDO FREY'),
(16, 1, 65214452, '2022-03-17', 'vistas/img/facturaCompra/1-65214452.pdf', 0, '2022-03-16 22:53:03', 'LEONARDO FREY'),
(17, 1, 784444, '2022-09-01', NULL, 0, '2022-09-01 13:56:44', 'LEONARDO FREY'),
(18, 1, 985474, '2022-10-07', NULL, 0, '2022-10-08 00:45:43', 'LEONARDO FREY'),
(19, 2, 7804100, '2022-10-07', NULL, 0, '2022-10-08 00:47:46', 'LEONARDO FREY'),
(20, 1, 2147483647, '2022-10-13', NULL, 0, '2022-10-13 16:50:06', 'BASTIAN FREY'),
(21, 1, 965844, '2022-10-19', NULL, 0, '2022-10-19 21:13:32', 'LEONARDO FREY'),
(22, 1, 965220014, '2023-02-02', NULL, 0, '2023-02-02 05:11:35', 'LEONARDO FREY');

-- --------------------------------------------------------

--
-- Estructura de tabla para la tabla `factura_detalle_eepp`
--

CREATE TABLE `factura_detalle_eepp` (
  `id` bigint(11) NOT NULL,
  `id_factura` int(11) DEFAULT NULL,
  `id_constructora` int(11) DEFAULT NULL,
  `id_obra` int(11) DEFAULT NULL,
  `id_eepp` int(11) DEFAULT NULL,
  `codigo` text COLLATE utf8_spanish_ci DEFAULT NULL,
  `descripcion` text COLLATE utf8_spanish_ci DEFAULT NULL,
  `unidad` text COLLATE utf8_spanish_ci DEFAULT NULL,
  `precio` int(11) DEFAULT NULL,
  `cantidad` int(11) DEFAULT NULL,
  `total` int(11) DEFAULT NULL,
  `detalle` text COLLATE utf8_spanish_ci DEFAULT NULL
) ENGINE=InnoDB DEFAULT CHARSET=utf8 COLLATE=utf8_spanish_ci;

-- --------------------------------------------------------

--
-- Estructura de tabla para la tabla `factura_eepp`
--

CREATE TABLE `factura_eepp` (
  `id` bigint(11) NOT NULL,
  `id_eepp` int(11) NOT NULL,
  `id_factura` int(11) NOT NULL
) ENGINE=InnoDB DEFAULT CHARSET=utf8 COLLATE=utf8_spanish_ci;

--
-- Volcado de datos para la tabla `factura_eepp`
--

INSERT INTO `factura_eepp` (`id`, `id_eepp`, `id_factura`) VALUES
(3, 1, 1),
(4, 4, 1),
(5, 1, 2),
(6, 4, 2),
(8, 7, 4),
(16, 7, 8),
(20, 10, 9),
(21, 10, 10),
(25, 19, 13),
(26, 11, 14),
(27, 16, 14),
(28, 11, 15),
(30, 11, 18),
(31, 10, 19);

-- --------------------------------------------------------

--
-- Estructura de tabla para la tabla `factura_sii`
--

CREATE TABLE `factura_sii` (
  `id` bigint(11) NOT NULL,
  `id_factura` int(11) NOT NULL,
  `id_eepp` int(11) DEFAULT NULL,
  `codigo` text COLLATE utf8_spanish_ci DEFAULT NULL,
  `descripcion` text COLLATE utf8_spanish_ci DEFAULT NULL,
  `glosa` text COLLATE utf8_spanish_ci DEFAULT NULL,
  `cantidad` int(11) DEFAULT 0,
  `um` text COLLATE utf8_spanish_ci DEFAULT NULL,
  `precio` int(11) NOT NULL DEFAULT 0,
  `imp_adicional` text COLLATE utf8_spanish_ci DEFAULT NULL,
  `por_descuento` text COLLATE utf8_spanish_ci DEFAULT NULL,
  `valor` int(11) NOT NULL DEFAULT 0
) ENGINE=InnoDB DEFAULT CHARSET=utf8 COLLATE=utf8_spanish_ci;

--
-- Volcado de datos para la tabla `factura_sii`
--

INSERT INTO `factura_sii` (`id`, `id_factura`, `id_eepp`, `codigo`, `descripcion`, `glosa`, `cantidad`, `um`, `precio`, `imp_adicional`, `por_descuento`, `valor`) VALUES
(12, 1, 1, '', 'Arriendos JULIO-2022', '', 1, 'GL', 200000, NULL, NULL, 200000),
(13, 1, 4, '', 'Arriendos AGOSTO-2022', '', 1, 'GL', 150000, NULL, NULL, 150000),
(35, 2, 1, NULL, 'Arriendos JULIO-2022', NULL, 1, 'GL', 27700, NULL, NULL, 27700),
(36, 2, 4, NULL, 'Arriendos AGOSTO-2022', NULL, 1, 'GL', 77700, NULL, NULL, 77700),
(40, 4, 7, '', 'Arriendos SEPTIEMBRE-2022', '', 1, 'GL', 150000, NULL, NULL, 150000),
(43, 8, 7, NULL, 'Arriendos SEPTIEMBRE-2022', NULL, 1, 'GL', 128300, NULL, NULL, 128300),
(47, 9, 10, NULL, 'Arriendos OCTUBRE-2022', NULL, 1, 'GL', 76500, NULL, NULL, 76500),
(57, 10, 10, '', 'Arriendos OCTUBRE-2022', '', 1, 'GL', 5000, NULL, NULL, 5000),
(75, 13, 19, '3622', 'CINCELADOR 10 KGS XYZ HILTI', 'Corresponde al mes de NOVIEMBRE-2022, desde 01-10-2022 (con GD 5205) hasta 30-11-2022', 42, 'Días', 7500, NULL, NULL, 315000),
(76, 13, 19, '36545', 'CINCELADOR 10 KGS XYZ HILTI', 'Corresponde al mes de NOVIEMBRE-2022, desde 01-10-2022 (con GD 5205) hasta 30-11-2022', 15, 'Días', 7500, NULL, NULL, 112500),
(77, 13, 19, '6521', 'CINCELADOR 10 KGS XYZ HILTI', 'Corresponde al mes de NOVIEMBRE-2022, desde 01-10-2022 (con GD 5212) hasta 30-11-2022', 15, 'Días', 7500, NULL, NULL, 112500),
(78, 13, 19, '6522', 'CINCELADOR 10 KGS TGH BLACK AND DECKER', 'Corresponde al mes de NOVIEMBRE-2022, desde 01-10-2022 (con GD 5205) hasta 10-10-2022, Devuelto con Report 30', 6, 'Días', 5600, NULL, NULL, 33600),
(82, 14, 11, '', 'Arriendos OCTUBRE-2022', '', 1, 'GL', 50000, NULL, NULL, 50000),
(83, 14, 16, '', 'Arriendos NOVIEMBRE-2022', '', 1, 'GL', 90000, NULL, NULL, 90000),
(84, 15, 11, NULL, 'Arriendos OCTUBRE-2022', NULL, 1, 'GL', 4000, NULL, NULL, 4000),
(86, 18, 11, NULL, 'Arriendos OCTUBRE-2022', NULL, 1, 'GL', 8500, NULL, NULL, 8500),
(90, 19, 10, '3621', 'CINCELADOR 10 KGS XYZ HILTI', 'Corresponde al mes de OCTUBRE-2022, desde 01-10-2022 (con GD 5214) hasta 05-10-2022, Devuelto con Report 29', 2, 'Días', 7500, NULL, NULL, 15000),
(91, 19, 10, '6521B', 'CINCELADOR 10 KGS XYZ HILTI', 'Corresponde al mes de OCTUBRE-2022, desde 01-10-2022 (con GD 5214) hasta 05-10-2022, Devuelto con Report 29', 2, 'Días', 7500, NULL, NULL, 15000),
(92, 19, 10, '365211', 'DEMOLEDOR  7 KGS TYU HILTI', 'Corresponde al mes de OCTUBRE-2022, desde 11-10-2022 (con GD 5214) hasta 19-10-2022, Devuelto con Report 31', 7, 'Días', 4500, NULL, NULL, 31500);

-- --------------------------------------------------------

--
-- Estructura de tabla para la tabla `forma_pago`
--

CREATE TABLE `forma_pago` (
  `id` int(11) NOT NULL,
  `descripcion` text COLLATE utf8_spanish_ci NOT NULL
) ENGINE=InnoDB DEFAULT CHARSET=utf8 COLLATE=utf8_spanish_ci;

--
-- Volcado de datos para la tabla `forma_pago`
--

INSERT INTO `forma_pago` (`id`, `descripcion`) VALUES
(1, 'Contado'),
(2, 'Plazo 15 Días'),
(3, 'Plazo 30 Días'),
(4, 'Plazo 45 Días'),
(5, 'Plazo 60 Días'),
(6, 'Plazo 90 Días'),
(7, 'Vale Vista'),
(8, 'Cheque');

-- --------------------------------------------------------

--
-- Estructura de tabla para la tabla `guia_despacho`
--

CREATE TABLE `guia_despacho` (
  `id` bigint(11) NOT NULL,
  `id_empresa` int(11) NOT NULL,
  `numero_guia` int(11) DEFAULT NULL,
  `fecha_guia` date NOT NULL,
  `id_constructoras` int(11) DEFAULT NULL,
  `id_obras` int(11) DEFAULT NULL,
  `id_sucursal` int(11) NOT NULL,
  `adjunto` text COLLATE utf8_spanish_ci DEFAULT NULL,
  `oc` text COLLATE utf8_spanish_ci DEFAULT NULL,
  `fecha_termino` date DEFAULT NULL,
  `id_transporte_guia` int(11) DEFAULT NULL,
  `rut_empresa_transporte` text COLLATE utf8_spanish_ci DEFAULT NULL,
  `rut_transportista` text COLLATE utf8_spanish_ci DEFAULT NULL,
  `nombre_transportista` text COLLATE utf8_spanish_ci DEFAULT NULL,
  `patente_transportista` text COLLATE utf8_spanish_ci DEFAULT NULL,
  `estado_guia` int(11) NOT NULL DEFAULT 12,
  `tipo_guia` text COLLATE utf8_spanish_ci NOT NULL,
  `creado_por` text COLLATE utf8_spanish_ci NOT NULL,
  `fecha_creacion` timestamp NOT NULL DEFAULT current_timestamp(),
  `id_sucursal_destino` int(11) DEFAULT NULL,
  `id_pedido_interno` int(11) DEFAULT NULL
) ENGINE=InnoDB DEFAULT CHARSET=utf8 COLLATE=utf8_spanish_ci;

--
-- Volcado de datos para la tabla `guia_despacho`
--

INSERT INTO `guia_despacho` (`id`, `id_empresa`, `numero_guia`, `fecha_guia`, `id_constructoras`, `id_obras`, `id_sucursal`, `adjunto`, `oc`, `fecha_termino`, `id_transporte_guia`, `rut_empresa_transporte`, `rut_transportista`, `nombre_transportista`, `patente_transportista`, `estado_guia`, `tipo_guia`, `creado_por`, `fecha_creacion`, `id_sucursal_destino`, `id_pedido_interno`) VALUES
(1, 1, 5207, '2022-04-28', 3, 6, 1, 'vistas/img/GuiasDespacho/1.pdf', '', '0000-00-00', 1, '77854789-7', '13485480-4', 'LEONARDO FREY', 'HFJZ-12', 13, 'A', '', '2022-04-27 05:00:08', NULL, NULL),
(19, 1, 5206, '2022-05-03', 5, 10, 1, NULL, '', '0000-00-00', 1, '77854789-7', '13485480-4', 'LEONARDO FREY', 'HFJZ-12', 13, 'A', 'LEONARDO FREY', '2022-05-03 22:33:55', NULL, NULL),
(20, 1, 5205, '2022-05-03', 4, 8, 1, 'vistas/img/GuiasDespacho/20.pdf', '', '0000-00-00', 1, '77854789-7', '13485480-4', 'LEONARDO FREY', 'HFJZ-12', 13, 'A', 'LEONARDO FREY', '2022-05-04 01:42:51', NULL, NULL),
(21, 1, 5204, '2022-05-03', 5, 10, 1, '', '', '0000-00-00', 1, '77854789-7', '13485480-4', 'LEONARDO FREY', 'HFJZ-12', 13, 'A', 'LEONARDO FREY', '2022-05-04 01:52:35', NULL, NULL),
(22, 1, 5208, '2022-05-10', 5, 10, 1, NULL, '', '0000-00-00', 1, '77854789-7', '13485480-4', 'LEONARDO FREY', 'HFJZ-12', 14, 'A', 'LEONARDO FREY', '2022-05-10 04:25:02', NULL, NULL),
(23, 1, 5209, '2022-05-10', 5, 10, 1, NULL, '', '0000-00-00', 1, '77854789-7', '13485480-4', 'LEONARDO FREY', 'HFJZ-12', 14, 'A', 'LEONARDO FREY', '2022-05-10 04:35:19', NULL, NULL),
(25, 1, 5210, '2022-05-10', 5, 10, 1, NULL, '', '0000-00-00', 1, '77854789-7', '13485480-4', 'LEONARDO FREY', 'HFJZ-12', 14, 'A', 'LEONARDO FREY', '2022-05-10 05:09:19', NULL, NULL),
(26, 1, 5211, '2022-06-07', 3, 6, 1, NULL, '', '0000-00-00', 1, '77854789-7', '13485480-4', 'LEONARDO FREY', 'HFJZ-12', 13, 'A', 'LEONARDO FREY', '2022-06-08 03:09:01', NULL, NULL),
(27, 1, 5212, '2022-09-25', 4, 8, 1, NULL, '', '0000-00-00', 1, '76015943-3', '13485480-4', 'LEONARDO FREY', 'HFJZ-12', 13, 'A', 'LEONARDO FREY', '2022-09-25 05:38:07', NULL, NULL),
(29, 1, 5213, '2022-09-29', 3, 3, 1, NULL, '', '0000-00-00', 1, '76015943-3', '13485480-4', 'LEONARDO FREY', 'HFJZ-12', 14, 'A', 'LEONARDO FREY', '2022-09-29 18:46:01', NULL, NULL),
(30, 1, 5214, '2022-09-29', 3, 6, 1, '', '', '0000-00-00', 1, '76015943-3', '13485480-4', 'LEONARDO FREY', 'HFJZ-12', 13, 'A', 'LEONARDO FREY', '2022-09-30 01:33:41', NULL, NULL),
(33, 1, 5216, '2022-10-13', 3, 3, 2, NULL, '', '0000-00-00', 1, '76015943-3', '13485480-4', 'LEONARDO FREY', 'HFJZ-12', 13, 'A', 'BASTIAN FREY', '2022-10-13 04:01:04', NULL, NULL),
(45, 1, 5223, '2022-10-18', NULL, NULL, 2, NULL, NULL, NULL, 1, '76015943-3', '13485480-4', 'LEONARDO FREY', 'HFJZ-12', 13, 'T', 'BASTIAN FREY', '2022-10-19 01:23:50', 1, 20),
(46, 1, 5224, '2022-10-18', NULL, NULL, 2, NULL, NULL, NULL, 1, '76015943-3', '13485480-4', 'LEONARDO FREY', 'HFJZ-12', 13, 'T', 'BASTIAN FREY', '2022-10-19 01:24:09', 1, 15),
(47, 1, 5225, '2022-10-19', NULL, NULL, 1, NULL, NULL, NULL, 1, '76015943-3', '13485480-4', 'LEONARDO FREY', 'HFJZ-12', 13, 'T', 'LEONARDO FREY', '2022-10-19 03:22:10', 2, 19),
(48, 1, 5226, '2022-10-19', NULL, NULL, 2, NULL, NULL, NULL, 1, '76015943-3', '13485480-4', 'LEONARDO FREY', 'HFJZ-12', 13, 'T', 'BASTIAN FREY', '2022-10-19 21:31:00', 1, 21),
(49, 1, 5227, '2022-10-26', 3, 9, 1, NULL, '', '0000-00-00', 1, '76015943-3', '13485480-4', 'LEONARDO FREY', 'HFJZ-12', 13, 'A', 'LEONARDO FREY', '2022-10-26 04:26:43', NULL, NULL),
(50, 1, 5228, '2022-10-27', 3, 9, 1, '', '', '2022-10-28', 1, '76015943-3', '13485480-4', 'LEONARDO FREY', 'HFJZ-12', 13, 'A', 'LEONARDO FREY', '2022-10-27 13:52:14', NULL, NULL),
(51, 1, 5229, '2022-11-01', NULL, NULL, 1, NULL, NULL, NULL, 1, '76015943-3', '13485480-4', 'LEONARDO FREY', 'HFJZ-12', 13, 'T', 'LEONARDO FREY', '2022-11-01 20:21:32', 2, 19),
(54, 1, 5230, '2022-11-03', 3, 9, 1, NULL, '', '0000-00-00', 1, '76015943-3', '13485480-4', 'LEONARDO FREY', 'HFJZ-12', 13, 'A', 'LEONARDO FREY', '2022-11-03 03:11:19', NULL, NULL),
(55, 1, 5231, '2022-11-03', 3, 9, 1, NULL, '', '0000-00-00', 1, '76015943-3', '13485480-4', 'LEONARDO FREY', 'HFJZ-12', 13, 'A', 'LEONARDO FREY', '2022-11-03 03:14:52', NULL, NULL),
(56, 1, NULL, '2022-11-03', NULL, NULL, 2, NULL, NULL, NULL, 1, '76015943-3', '13485480-4', 'LEONARDO FREY', 'HFJZ-12', 12, 'T', 'BASTIAN FREY', '2022-11-03 03:45:50', 1, 21),
(57, 1, 5232, '2022-11-03', 3, 9, 1, '', '3652', '2022-11-30', 1, '76015943-3', '13485480-4', 'LEONARDO FREY', 'HFJZ-12', 13, 'A', 'LEONARDO FREY', '2022-11-03 21:09:33', NULL, NULL),
(59, 1, 5233, '2022-11-19', 3, 5, 1, NULL, '', '0000-00-00', 1, '76015943-3', '13485480-4', 'LEONARDO FREY', 'HFJZ-12', 13, 'A', 'LEONARDO FREY', '2022-11-19 17:12:06', NULL, NULL),
(60, 1, 5234, '2022-11-29', NULL, NULL, 1, NULL, NULL, NULL, 1, '76015943-3', '13485480-4', 'LEONARDO FREY', 'HFJZ-12', 13, 'T', 'LEONARDO FREY', '2022-11-30 02:09:42', 2, 19),
(61, 1, 5235, '2022-12-19', NULL, NULL, 1, NULL, NULL, NULL, 1, '76015943-3', '13485480-4', 'LEONARDO FREY', 'HFJZ-12', 13, 'T', 'LEONARDO FREY', '2022-12-19 22:23:31', 2, 19),
(62, 1, NULL, '2023-01-11', NULL, NULL, 2, NULL, NULL, NULL, 1, '76015943-3', '13485480-4', 'LEONARDO FREY', 'HFJZ-12', 12, 'T', 'BASTIAN FREY', '2023-01-11 18:47:26', 1, 25),
(65, 1, 5236, '2023-01-21', NULL, NULL, 1, NULL, NULL, NULL, 5, '76015943-3', '13663730-4', 'VERONICA PEREZ', 'HFJZ12', 13, 'T', 'LEONARDO FREY', '2023-01-21 16:40:34', 2, 26),
(67, 1, 5237, '2023-01-27', 1, NULL, 1, NULL, NULL, NULL, 5, '76015943-3', '13663730-4', 'VERONICA PEREZ', 'HFJZ12', 14, 'TA', 'LEONARDO FREY', '2023-01-27 17:46:35', NULL, NULL),
(69, 1, 5238, '2023-01-29', 3, NULL, 1, NULL, NULL, NULL, 1, '76015943-3', '13485480-4', 'LEONARDO FREY', 'HFJZ-12', 14, 'TA', 'LEONARDO FREY', '2023-01-30 01:48:50', NULL, NULL),
(70, 1, 5239, '2023-01-29', 3, NULL, 1, NULL, NULL, NULL, 5, '76015943-3', '13663730-4', 'VERONICA PEREZ', 'HFJZ12', 14, 'TA', 'LEONARDO FREY', '2023-01-30 01:57:19', NULL, NULL),
(71, 1, 5240, '2023-01-29', 1, NULL, 1, NULL, NULL, NULL, 5, '76015943-3', '13663730-4', 'VERONICA PEREZ', 'HFJZ12', 14, 'TA', 'LEONARDO FREY', '2023-01-30 01:57:45', NULL, NULL),
(73, 1, 5241, '2023-01-29', 1, NULL, 1, NULL, NULL, NULL, 5, '76015943-3', '13663730-4', 'VERONICA PEREZ', 'HFJZ12', 14, 'TA', 'LEONARDO FREY', '2023-01-30 02:01:37', NULL, NULL),
(74, 1, 5242, '2023-01-29', 1, NULL, 1, NULL, NULL, NULL, 5, '76015943-3', '13663730-4', 'VERONICA PEREZ', 'HFJZ12', 14, 'TA', 'LEONARDO FREY', '2023-01-30 02:26:12', NULL, NULL),
(75, 1, 5243, '2023-01-29', 1, NULL, 1, NULL, NULL, NULL, 1, '76015943-3', '13485480-4', 'LEONARDO FREY', 'HFJZ-12', 14, 'TA', 'LEONARDO FREY', '2023-01-30 02:26:35', NULL, NULL),
(76, 1, 5244, '2023-01-29', NULL, NULL, 1, NULL, NULL, NULL, 5, '76015943-3', '13663730-4', 'VERONICA PEREZ', 'HFJZ12', 13, 'T', 'LEONARDO FREY', '2023-01-30 02:28:32', 2, 26),
(77, 1, 5245, '2023-01-30', 3, NULL, 1, NULL, NULL, NULL, 1, '76015943-3', '13485480-4', 'LEONARDO FREY', 'HFJZ-12', 13, 'TA', 'LEONARDO FREY', '2023-01-30 22:16:04', NULL, NULL),
(78, 1, 5246, '2023-01-30', 1, NULL, 1, NULL, NULL, NULL, 5, '76015943-3', '13663730-4', 'VERONICA PEREZ', 'HFJZ12', 13, 'TA', 'LEONARDO FREY', '2023-01-30 22:16:58', NULL, NULL),
(79, 1, NULL, '2023-02-03', NULL, NULL, 1, NULL, NULL, NULL, 1, '76015943-3', '13485480-4', 'LEONARDO FREY', 'HFJZ-12', 12, 'T', 'LEONARDO FREY', '2023-02-03 03:15:49', 2, 26),
(87, 1, 5247, '2023-02-06', 3, 5, 1, NULL, NULL, NULL, 1, '76015943-3', '13485480-4', 'LEONARDO FREY', 'HFJZ-12', 13, 'A', 'LEONARDO FREY', '2023-02-06 16:05:21', NULL, NULL),
(88, 1, 5248, '2023-02-06', 3, 5, 1, NULL, NULL, NULL, 5, '76015943-3', '13663730-4', 'VERONICA PEREZ', 'HFJZ12', 14, 'A', 'LEONARDO FREY', '2023-02-06 16:15:05', NULL, NULL),
(90, 1, NULL, '2023-02-06', 3, 5, 2, NULL, NULL, NULL, 1, '76015943-3', '13485480-4', 'LEONARDO FREY', 'HFJZ-12', 12, 'A', 'BASTIAN FREY', '2023-02-06 21:45:08', NULL, NULL),
(91, 1, 5249, '2023-02-06', 3, 5, 1, NULL, NULL, NULL, 1, '76015943-3', '13485480-4', 'LEONARDO FREY', 'HFJZ-12', 14, 'A', 'LEONARDO FREY', '2023-02-06 21:49:27', NULL, NULL),
(92, 1, 5250, '2023-02-06', 4, 8, 1, NULL, NULL, NULL, 1, '76015943-3', '13485480-4', 'LEONARDO FREY', 'HFJZ-12', 14, 'A', 'LEONARDO FREY', '2023-02-06 22:00:28', NULL, NULL),
(93, 1, 5251, '2023-02-06', 5, 10, 1, NULL, NULL, NULL, 1, '76015943-3', '13485480-4', 'LEONARDO FREY', 'HFJZ-12', 14, 'A', 'LEONARDO FREY', '2023-02-06 22:04:24', NULL, NULL);

-- --------------------------------------------------------

--
-- Estructura de tabla para la tabla `guia_despacho_detalle`
--

CREATE TABLE `guia_despacho_detalle` (
  `id` bigint(11) NOT NULL,
  `id_guia` bigint(11) NOT NULL,
  `id_equipo` bigint(11) NOT NULL,
  `precio_arriendo` int(11) NOT NULL,
  `fecha_arriendo` date DEFAULT NULL,
  `detalle` text COLLATE utf8_spanish_ci DEFAULT NULL,
  `fecha_devolucion` date DEFAULT NULL,
  `fecha_devolucion_real` date DEFAULT NULL,
  `id_tipo_movimiento` int(11) DEFAULT NULL COMMENT 'arriendo=10, cambio=11',
  `match_cambio` int(11) DEFAULT NULL COMMENT 'id registro por el que sale, cambio',
  `contrato` int(11) DEFAULT NULL COMMENT 'id guia despacho cuando es cambio',
  `devuelto` int(1) DEFAULT 0,
  `id_report_devolucion` int(11) DEFAULT NULL,
  `devolucion_tipo` int(11) DEFAULT NULL COMMENT '15 termino o 11 cambio',
  `detalle_devolucion` text COLLATE utf8_spanish_ci DEFAULT NULL COMMENT 'detalle al cambiar',
  `fecha_retiro_obra` datetime DEFAULT NULL,
  `validado` int(11) NOT NULL DEFAULT 1,
  `validado_retiro` int(11) NOT NULL DEFAULT 1,
  `registro_eliminado` tinyint(1) NOT NULL DEFAULT 0,
  `usuario_elimina` int(11) DEFAULT NULL,
  `fecha_elimina` datetime DEFAULT NULL,
  `tipo_guia` text COLLATE utf8_spanish_ci DEFAULT 'A',
  `id_pedido_interno_detalle` int(11) DEFAULT NULL,
  `fecha_ultimo_cobro` date DEFAULT NULL,
  `cobro_finalizado` int(11) NOT NULL DEFAULT 0,
  `id_pedido_obra_detalle` int(11) DEFAULT NULL
) ENGINE=InnoDB DEFAULT CHARSET=utf8 COLLATE=utf8_spanish_ci;

--
-- Volcado de datos para la tabla `guia_despacho_detalle`
--

INSERT INTO `guia_despacho_detalle` (`id`, `id_guia`, `id_equipo`, `precio_arriendo`, `fecha_arriendo`, `detalle`, `fecha_devolucion`, `fecha_devolucion_real`, `id_tipo_movimiento`, `match_cambio`, `contrato`, `devuelto`, `id_report_devolucion`, `devolucion_tipo`, `detalle_devolucion`, `fecha_retiro_obra`, `validado`, `validado_retiro`, `registro_eliminado`, `usuario_elimina`, `fecha_elimina`, `tipo_guia`, `id_pedido_interno_detalle`, `fecha_ultimo_cobro`, `cobro_finalizado`, `id_pedido_obra_detalle`) VALUES
(33, 1, 52, 1200, '2022-05-12', '', '0000-00-00', '2022-09-27', 10, NULL, 1, 1, 22, 15, '', '2022-09-27 23:17:16', 0, 0, 0, 0, NULL, 'A', NULL, '2022-09-27', 1, NULL),
(34, 20, 31, 7500, '2022-05-03', '', '2022-05-23', NULL, 10, NULL, 20, 0, NULL, NULL, NULL, NULL, 0, 1, 0, NULL, NULL, 'A', NULL, '2022-11-30', 0, NULL),
(35, 19, 16, 5000, '2022-05-03', '', '0000-00-00', '2022-09-27', 10, NULL, 19, 1, 18, 15, '', '2022-09-27 21:09:49', 0, 0, 0, NULL, NULL, 'A', NULL, '2022-09-27', 1, NULL),
(36, 20, 36, 7500, '2022-05-03', '', '0000-00-00', NULL, 10, NULL, 20, 0, NULL, NULL, NULL, NULL, 0, 1, 0, NULL, NULL, 'A', NULL, '2022-11-30', 0, NULL),
(39, 21, 11, 1200, '2022-05-09', '', '0000-00-00', NULL, 11, NULL, 21, 0, NULL, NULL, NULL, NULL, 0, 1, 0, NULL, NULL, 'A', NULL, '2022-09-30', 0, NULL),
(40, 21, 48, 3400, '2022-05-09', 'sin detalles', '0000-00-00', '2022-11-16', 11, NULL, 21, 1, 34, 15, '', '2022-11-16 00:39:34', 0, 0, 0, NULL, NULL, 'A', NULL, '2022-09-30', 0, NULL),
(45, 21, 10, 7500, '2022-05-09', '', '0000-00-00', '2022-11-16', 11, NULL, 21, 1, 34, 15, '', '2022-11-16 00:39:23', 0, 0, 0, NULL, NULL, 'A', NULL, '2022-09-30', 0, NULL),
(46, 21, 32, 1200, '2022-05-09', '', '0000-00-00', '2022-09-27', 10, NULL, 21, 1, 21, 15, '', '2022-09-27 23:16:49', 0, 0, 0, NULL, NULL, 'A', NULL, '2022-09-27', 1, NULL),
(54, 21, 2, 1000, '2022-05-12', '', '0000-00-00', NULL, 11, NULL, 21, 0, NULL, NULL, NULL, NULL, 0, 1, 0, NULL, NULL, 'A', NULL, '2022-09-30', 0, NULL),
(55, 20, 51, 1200, '2022-05-22', '', '2022-05-23', NULL, 10, NULL, 20, 0, NULL, NULL, NULL, NULL, 0, 1, 0, NULL, NULL, 'A', NULL, '2022-11-30', 0, NULL),
(56, 20, 63, 1200, '2022-05-22', '', '0000-00-00', NULL, 10, NULL, 20, 0, NULL, NULL, NULL, NULL, 0, 1, 0, NULL, NULL, 'A', NULL, '2022-11-30', 0, NULL),
(57, 20, 7, 1200, '2022-05-22', 'detalles de pru', '0000-00-00', '2022-10-10', 10, NULL, 20, 1, 30, 15, '', '2022-10-10 21:07:52', 0, 0, 0, NULL, NULL, 'A', NULL, '2022-10-10', 1, NULL),
(58, 20, 25, 5600, '2022-05-22', '', '2022-05-23', '2022-09-26', 10, NULL, 20, 1, 17, 15, '', '2022-09-26 00:46:35', 0, 0, 0, NULL, NULL, 'A', NULL, '2022-09-26', 1, NULL),
(59, 20, 61, 5600, '2022-05-22', '', '0000-00-00', '2022-09-26', 10, NULL, 20, 1, 17, 11, '', '2022-09-26 00:46:37', 0, 0, 0, NULL, NULL, 'A', NULL, '2022-09-26', 1, NULL),
(61, 21, 19, 9000, '2022-05-23', '', '0000-00-00', '2023-01-13', 11, NULL, 21, 1, 0, 29, 'PERDIDA DEL EQUIPO EN OBRA, SE REALIZA PERDIDA TOTAL DEL EQUIPO', NULL, 0, 0, 0, NULL, NULL, 'A', NULL, '2022-09-30', 0, NULL),
(62, 21, 15, 5000, '2022-05-23', '', '0000-00-00', '2022-09-27', 10, NULL, 21, 1, 21, 15, '', '2022-09-27 23:16:47', 0, 0, 0, NULL, NULL, 'A', NULL, '2022-09-27', 1, NULL),
(63, 21, 14, 8500, '2022-05-23', '', '0000-00-00', '2022-09-27', 10, NULL, 21, 1, 18, 15, '', '2022-09-27 21:09:47', 0, 0, 0, NULL, NULL, 'A', NULL, '2022-09-27', 1, NULL),
(64, 21, 13, 5000, '2022-05-23', '', '0000-00-00', NULL, 10, NULL, 21, 0, NULL, NULL, NULL, NULL, 0, 1, 0, NULL, NULL, 'A', NULL, '2022-09-30', 0, NULL),
(65, 20, 26, 5600, '2022-05-23', '', '0000-00-00', '2022-10-10', 10, NULL, 20, 1, 30, 15, '', '2022-10-10 21:07:56', 0, 0, 0, NULL, NULL, 'A', NULL, '2022-10-10', 1, NULL),
(66, 20, 60, 5600, '2022-05-23', '', '0000-00-00', '2023-01-04', 10, NULL, 20, 1, 0, 24, 'EQUIPO PERDIDO EN OBRA, SE REALIZA COBRO POR REPOSICION', NULL, 0, 0, 0, NULL, NULL, 'A', NULL, '2022-11-30', 0, NULL),
(67, 20, 27, 5600, '2022-05-23', '', '0000-00-00', '2023-01-11', 10, NULL, 20, 1, 38, 15, '', '2023-01-11 18:08:07', 0, 0, 0, NULL, NULL, 'A', NULL, '2022-11-30', 0, NULL),
(68, 20, 47, 3400, '2022-05-23', 'detalle', '2022-05-23', NULL, 10, NULL, 20, 0, NULL, NULL, NULL, NULL, 1, 1, 1, 1, '2022-10-26 23:26:02', 'A', NULL, NULL, 0, NULL),
(69, 20, 49, 3400, '2022-05-23', '', '0000-00-00', NULL, 10, NULL, 20, 0, NULL, NULL, NULL, NULL, 0, 1, 0, NULL, NULL, 'A', NULL, '2022-11-30', 0, NULL),
(70, 20, 12, 3400, '2022-05-23', '', '0000-00-00', NULL, 10, NULL, 20, 0, NULL, NULL, NULL, NULL, 0, 1, 0, NULL, NULL, 'A', NULL, '2022-11-30', 0, NULL),
(71, 20, 59, 5500, '2022-05-23', '', '0000-00-00', NULL, 10, NULL, 20, 0, NULL, NULL, NULL, NULL, 0, 1, 0, NULL, NULL, 'A', NULL, '2022-11-30', 0, NULL),
(72, 19, 51, 1000, '2022-05-31', '', '0000-00-00', NULL, 11, NULL, 19, 0, NULL, NULL, NULL, NULL, 0, 1, 0, NULL, NULL, 'A', NULL, '2022-09-30', 0, NULL),
(76, 26, 32, 1200, '2022-06-07', '', '0000-00-00', '2022-09-28', 10, NULL, 26, 1, 23, 15, '', '2022-09-28 00:19:14', 0, 0, 0, NULL, NULL, 'A', NULL, '2022-09-28', 1, NULL),
(77, 26, 10, 7500, '2022-07-11', '', '0000-00-00', '2022-09-27', 10, NULL, 26, 1, 20, 15, '', '2022-09-27 23:16:35', 0, 0, 0, NULL, NULL, 'A', NULL, '2022-09-27', 1, NULL),
(79, 26, 9, 4500, '2022-09-25', '', '0000-00-00', '2022-09-27', 10, NULL, 26, 1, 19, 15, '', '2022-09-27 23:06:18', 0, 0, 0, NULL, NULL, 'A', NULL, '2022-09-27', 1, NULL),
(80, 27, 73, 4000, '2022-09-25', '', '0000-00-00', NULL, 11, 59, 20, 0, NULL, NULL, NULL, NULL, 0, 1, 0, NULL, NULL, 'A', NULL, '2022-11-30', 0, NULL),
(81, 27, 28, 7500, '2022-09-25', '', '0000-00-00', NULL, 11, NULL, 27, 0, NULL, NULL, NULL, NULL, 0, 1, 0, NULL, NULL, 'A', NULL, '2022-11-30', 0, NULL),
(84, 29, 10, 4500, '2022-09-29', '', '0000-00-00', NULL, 10, NULL, 29, 0, NULL, NULL, NULL, NULL, 1, 1, 0, NULL, NULL, 'A', NULL, NULL, 0, NULL),
(86, 29, 17, 7500, '2022-09-29', '', '0000-00-00', NULL, 10, NULL, 29, 0, NULL, NULL, NULL, NULL, 1, 1, 1, 1, '2022-09-29 15:48:01', 'A', NULL, NULL, 0, NULL),
(87, 30, 30, 7500, '2022-09-29', '', '0000-00-00', '2022-10-05', 10, NULL, 30, 1, 29, 15, '', '2022-09-29 22:47:19', 0, 0, 0, NULL, NULL, 'A', NULL, '2022-10-05', 1, NULL),
(88, 30, 45, 7500, '2022-09-29', '', '0000-00-00', '2022-10-05', 10, NULL, 30, 1, 29, 15, '', '2022-09-29 22:47:24', 0, 0, 0, NULL, NULL, 'A', NULL, '2022-10-05', 1, NULL),
(89, 30, 62, 7500, '2022-09-29', '', '0000-00-00', NULL, 10, NULL, 30, 0, NULL, NULL, NULL, NULL, 1, 1, 1, 1, '2022-09-29 22:38:27', 'A', NULL, NULL, 0, NULL),
(90, 30, 10, 4500, '2022-10-11', '', '0000-00-00', '2022-10-19', 10, NULL, 30, 1, 31, 15, '', '2022-10-19 16:44:44', 0, 0, 0, NULL, NULL, 'A', NULL, '2022-10-19', 1, NULL),
(118, 36, 52, 1, '2022-10-13', NULL, NULL, NULL, NULL, NULL, NULL, 0, NULL, NULL, NULL, NULL, 1, 1, 1, 3, '2022-10-13 15:11:54', '0', 10, NULL, 0, NULL),
(119, 36, 83, 1, '2022-10-13', NULL, NULL, NULL, NULL, NULL, NULL, 0, NULL, NULL, NULL, NULL, 1, 1, 1, 3, '2022-10-13 15:12:32', '0', 6, NULL, 0, NULL),
(120, 36, 80, 1, '2022-10-13', NULL, NULL, NULL, NULL, NULL, NULL, 0, NULL, NULL, NULL, NULL, 1, 1, 1, 3, '2022-10-13 15:12:39', '0', 6, NULL, 0, NULL),
(121, 36, 82, 1, '2022-10-13', NULL, NULL, NULL, NULL, NULL, NULL, 0, NULL, NULL, NULL, NULL, 1, 1, 1, 3, '2022-10-13 15:12:42', '0', 6, NULL, 0, NULL),
(122, 36, 52, 1, '2022-10-13', NULL, NULL, NULL, NULL, NULL, NULL, 0, NULL, NULL, NULL, NULL, 1, 1, 1, 3, '2022-10-13 16:43:21', '0', 10, NULL, 0, NULL),
(123, 36, 79, 1, '2022-10-13', NULL, NULL, NULL, NULL, NULL, NULL, 0, NULL, NULL, NULL, NULL, 1, 1, 1, 3, '2022-10-13 15:15:52', '0', 6, NULL, 0, NULL),
(124, 36, 81, 1, '2022-10-13', NULL, NULL, NULL, NULL, NULL, NULL, 0, NULL, NULL, NULL, NULL, 1, 1, 1, 3, '2022-10-13 16:43:23', '0', 6, NULL, 0, NULL),
(125, 33, 79, 4500, '2022-10-13', '', '0000-00-00', '2023-01-08', 10, NULL, 33, 1, 36, 15, '', '2023-01-08 19:16:08', 0, 0, 0, NULL, NULL, 'A', NULL, '2022-11-30', 0, NULL),
(126, 37, 83, 1, '2022-10-13', NULL, NULL, NULL, NULL, NULL, NULL, 0, NULL, NULL, NULL, NULL, 1, 1, 1, 3, '2022-10-13 16:15:42', '0', 6, NULL, 0, NULL),
(127, 37, 80, 1, '2022-10-13', NULL, NULL, NULL, NULL, NULL, NULL, 0, NULL, NULL, NULL, NULL, 1, 1, 1, 3, '2022-10-13 16:15:40', '0', 6, NULL, 0, NULL),
(128, 37, 83, 1, '2022-10-13', NULL, NULL, NULL, NULL, NULL, NULL, 0, NULL, NULL, NULL, NULL, 1, 1, 1, 3, '2022-10-13 16:43:00', '0', 6, NULL, 0, NULL),
(129, 37, 80, 1, '2022-10-13', NULL, NULL, NULL, NULL, NULL, NULL, 0, NULL, NULL, NULL, NULL, 1, 1, 1, 3, '2022-10-13 16:41:41', '0', 6, NULL, 0, NULL),
(130, 39, 32, 1, '2022-10-13', NULL, NULL, NULL, NULL, NULL, NULL, 0, NULL, NULL, NULL, NULL, 1, 1, 1, 3, '2022-10-13 16:37:12', 'T', 11, NULL, 0, NULL),
(131, 39, 72, 1, '2022-10-13', NULL, NULL, NULL, NULL, NULL, NULL, 0, NULL, NULL, NULL, NULL, 1, 1, 1, 3, '2022-10-13 16:41:06', '0', 11, NULL, 0, NULL),
(134, 41, 80, 1, '2022-10-13', NULL, NULL, NULL, NULL, NULL, NULL, 0, NULL, NULL, NULL, NULL, 1, 1, 1, 3, '2022-10-13 18:15:57', 'T', 6, NULL, 0, NULL),
(135, 42, 52, 1, '2022-10-13', NULL, NULL, NULL, NULL, NULL, NULL, 0, NULL, NULL, NULL, NULL, 1, 1, 1, 3, '2022-10-13 17:59:23', 'T', 11, NULL, 0, NULL),
(136, 42, 72, 1, '2022-10-13', NULL, NULL, NULL, NULL, NULL, NULL, 0, NULL, NULL, NULL, NULL, 1, 1, 1, 3, '2022-10-13 18:15:40', 'T', 11, NULL, 0, NULL),
(137, 43, 52, 1, '2022-10-13', NULL, NULL, NULL, NULL, NULL, NULL, 0, NULL, NULL, NULL, NULL, 1, 1, 1, 3, '2022-10-13 18:15:52', 'T', 10, NULL, 0, NULL),
(138, 43, 83, 1, '2022-10-13', NULL, NULL, NULL, NULL, NULL, NULL, 0, NULL, NULL, NULL, NULL, 1, 1, 1, 3, '2022-10-13 18:15:51', 'T', 6, NULL, 0, NULL),
(139, 43, 81, 1, '2022-10-13', NULL, NULL, NULL, NULL, NULL, NULL, 0, NULL, NULL, NULL, NULL, 1, 1, 1, 3, '2022-10-13 18:15:49', 'T', 6, NULL, 0, NULL),
(140, 44, 63, 1, '2022-10-18', NULL, NULL, NULL, NULL, NULL, NULL, 0, NULL, NULL, NULL, NULL, 1, 1, 1, 1, '2022-10-18 14:49:59', 'T', 12, NULL, 0, NULL),
(141, 45, 52, 1, '2022-10-18', NULL, NULL, NULL, NULL, NULL, NULL, 0, NULL, NULL, NULL, NULL, 0, 1, 0, NULL, NULL, 'T', 11, NULL, 0, NULL),
(142, 45, 32, 1, '2022-10-18', NULL, NULL, NULL, NULL, NULL, NULL, 0, NULL, NULL, NULL, NULL, 0, 1, 0, NULL, NULL, 'T', 11, NULL, 0, NULL),
(143, 46, 72, 1, '2022-10-18', NULL, NULL, NULL, NULL, NULL, NULL, 0, NULL, NULL, NULL, NULL, 0, 1, 0, NULL, NULL, 'T', 10, NULL, 0, NULL),
(144, 46, 83, 1, '2022-10-18', NULL, NULL, NULL, NULL, NULL, NULL, 0, NULL, NULL, NULL, NULL, 0, 1, 0, NULL, NULL, 'T', 6, NULL, 0, NULL),
(145, 46, 80, 1, '2022-10-18', NULL, NULL, NULL, NULL, NULL, NULL, 0, NULL, NULL, NULL, NULL, 0, 1, 0, NULL, NULL, 'T', 6, NULL, 0, NULL),
(146, 46, 82, 1, '2022-10-18', NULL, NULL, NULL, NULL, NULL, NULL, 0, NULL, NULL, NULL, NULL, 0, 1, 0, NULL, NULL, 'T', 6, NULL, 0, NULL),
(147, 47, 63, 1, '2022-10-19', NULL, NULL, NULL, NULL, NULL, NULL, 0, NULL, NULL, NULL, NULL, 1, 1, 0, NULL, NULL, 'T', 12, NULL, 0, NULL),
(148, 47, 72, 1, '2022-10-19', NULL, NULL, NULL, NULL, NULL, NULL, 0, NULL, NULL, NULL, NULL, 0, 1, 0, NULL, NULL, 'T', 12, NULL, 0, NULL),
(149, 48, 84, 1, '2022-10-19', NULL, NULL, NULL, NULL, NULL, NULL, 0, NULL, NULL, NULL, NULL, 0, 1, 0, NULL, NULL, 'T', 13, NULL, 0, NULL),
(150, 48, 85, 1, '2022-10-19', NULL, NULL, NULL, NULL, NULL, NULL, 0, NULL, NULL, NULL, NULL, 0, 1, 0, NULL, NULL, 'T', 13, NULL, 0, NULL),
(151, 49, 80, 4500, '2022-10-26', '', '0000-00-00', NULL, 10, NULL, 49, 0, NULL, NULL, NULL, NULL, 1, 1, 1, 1, '2022-10-27 10:52:02', 'A', NULL, NULL, 0, NULL),
(152, 49, 30, 7500, '2022-10-26', '', '0000-00-00', '2023-01-09', 10, NULL, 49, 1, 37, 15, '', '2023-01-09 15:28:26', 0, 0, 0, NULL, NULL, 'A', NULL, '2022-11-30', 0, NULL),
(153, 49, 46, 7500, '2022-10-26', '', '0000-00-00', '2022-11-03', 10, NULL, 49, 1, 33, 15, '', '2022-11-06 22:30:40', 0, 0, 0, NULL, NULL, 'A', NULL, '2022-11-03', 1, NULL),
(154, 49, 82, 4500, '2022-10-28', '', '0000-00-00', '2022-10-29', 10, NULL, 49, 1, 32, 11, '', '2022-10-27 10:53:17', 0, 0, 0, NULL, NULL, 'A', NULL, '2022-10-29', 1, NULL),
(155, 50, 83, 4500, '2022-10-29', '', '0000-00-00', '2022-11-03', 11, 154, 49, 1, 33, 15, '', '2022-11-06 22:30:44', 0, 0, 0, NULL, NULL, 'A', NULL, '2022-11-03', 1, NULL),
(156, 50, 74, 4500, '2022-10-28', '', '0000-00-00', NULL, 10, NULL, 50, 0, NULL, NULL, NULL, NULL, 1, 1, 1, 1, '2022-11-02 09:29:17', 'A', NULL, NULL, 0, NULL),
(157, 51, 7, 1, '2022-11-01', NULL, NULL, NULL, NULL, NULL, NULL, 0, NULL, NULL, NULL, NULL, 1, 1, 1, 1, '2022-12-19 19:23:20', 'T', 12, NULL, 0, NULL),
(158, 50, 80, 4500, '2022-10-28', '', '2022-10-28', NULL, 10, NULL, 50, 0, NULL, NULL, NULL, NULL, 1, 1, 1, 1, '2022-11-02 09:29:35', 'A', NULL, NULL, 0, NULL),
(159, 50, 80, 4500, '2022-10-29', '', '2022-10-28', NULL, 10, NULL, 50, 0, NULL, NULL, NULL, NULL, 0, 1, 0, NULL, NULL, 'A', NULL, '2022-11-30', 0, NULL),
(162, 55, 17, 7500, '2022-10-28', '', '0000-00-00', NULL, 10, NULL, 55, 0, NULL, NULL, NULL, NULL, 0, 1, 0, NULL, NULL, 'A', NULL, '2022-11-30', 0, NULL),
(163, 55, 45, 7500, '2022-10-28', '', '0000-00-00', NULL, 10, NULL, 55, 0, NULL, NULL, NULL, NULL, 0, 1, 0, NULL, NULL, 'A', NULL, '2022-11-30', 0, NULL),
(164, 57, 16, 5500, '2022-10-28', '', '0000-00-00', NULL, 10, NULL, 57, 0, NULL, NULL, NULL, NULL, 0, 1, 0, NULL, NULL, 'A', NULL, '2022-11-30', 0, NULL),
(166, 59, 32, 1200, '2022-11-07', '', '0000-00-00', NULL, 10, NULL, 59, 0, NULL, NULL, NULL, NULL, 0, 1, 0, NULL, NULL, 'A', NULL, '2022-11-30', 0, NULL),
(167, 59, 62, 7500, '2022-11-07', '', '0000-00-00', NULL, 10, NULL, 59, 0, NULL, NULL, NULL, NULL, 0, 1, 0, NULL, NULL, 'A', NULL, '2022-11-30', 0, NULL),
(168, 59, 84, 2500, '2022-11-07', '', '0000-00-00', '2022-11-25', 10, NULL, 59, 1, 35, 15, '', '2022-11-19 14:14:08', 0, 0, 0, NULL, NULL, 'A', NULL, '2022-11-25', 1, NULL),
(169, 59, 77, 3500, '2022-11-07', '', '0000-00-00', '2022-11-25', 10, NULL, 59, 1, 35, 15, '', '2022-11-19 14:13:47', 0, 0, 0, NULL, NULL, 'A', NULL, '2022-11-25', 1, NULL),
(170, 59, 75, 4500, '2022-11-07', '', '0000-00-00', NULL, 10, NULL, 59, 0, NULL, NULL, NULL, NULL, 0, 1, 0, NULL, NULL, 'A', NULL, '2022-11-30', 0, NULL),
(171, 60, 52, 1, '2022-11-29', NULL, NULL, NULL, NULL, NULL, NULL, 0, NULL, NULL, NULL, NULL, 1, 1, 0, NULL, NULL, 'T', 12, NULL, 0, NULL),
(172, 59, 47, 3400, '2022-12-10', '', '0000-00-00', NULL, 10, NULL, 59, 0, NULL, NULL, NULL, NULL, 0, 1, 0, NULL, NULL, 'A', NULL, NULL, 0, NULL),
(174, 61, 7, 1, '2022-12-19', NULL, NULL, NULL, NULL, NULL, NULL, 0, NULL, NULL, NULL, NULL, 0, 1, 0, NULL, NULL, 'T', 12, NULL, 0, NULL),
(175, 59, 44, 7500, '2022-12-29', '', '0000-00-00', NULL, 10, NULL, 59, 0, NULL, NULL, NULL, NULL, 1, 1, 1, 1, '2022-12-29 09:52:34', 'A', NULL, NULL, 0, NULL),
(176, 65, 44, 1, '2023-01-21', NULL, NULL, NULL, NULL, NULL, NULL, 0, NULL, NULL, NULL, NULL, 1, 1, 0, NULL, NULL, 'T', 18, NULL, 0, NULL),
(177, 65, 61, 1, '2023-01-21', NULL, NULL, NULL, NULL, NULL, NULL, 0, NULL, NULL, NULL, NULL, 1, 1, 0, NULL, NULL, 'T', 18, NULL, 0, NULL),
(178, 65, 29, 1, '2023-01-21', NULL, NULL, NULL, NULL, NULL, NULL, 0, NULL, NULL, NULL, NULL, 1, 1, 0, NULL, NULL, 'T', 18, NULL, 0, NULL),
(179, 65, 58, 1, '2023-01-21', NULL, NULL, NULL, NULL, NULL, NULL, 0, NULL, NULL, NULL, NULL, 1, 1, 0, NULL, NULL, 'T', 18, NULL, 0, NULL),
(183, 67, 14, 1, NULL, '', NULL, NULL, NULL, NULL, NULL, 0, NULL, NULL, NULL, NULL, 1, 1, 0, NULL, NULL, 'TA', NULL, NULL, 0, NULL),
(184, 67, 26, 1, NULL, '', NULL, NULL, NULL, NULL, NULL, 0, NULL, NULL, NULL, NULL, 1, 1, 0, NULL, NULL, 'TA', NULL, NULL, 0, NULL),
(185, 70, 14, 1, NULL, '', NULL, NULL, NULL, NULL, NULL, 0, NULL, NULL, NULL, NULL, 1, 1, 0, NULL, NULL, 'TA', NULL, NULL, 0, NULL),
(186, 70, 26, 1, NULL, '', NULL, NULL, NULL, NULL, NULL, 0, NULL, NULL, NULL, NULL, 1, 1, 0, NULL, NULL, 'TA', NULL, NULL, 0, NULL),
(187, 71, 26, 1, NULL, '', NULL, NULL, NULL, NULL, NULL, 0, NULL, NULL, NULL, NULL, 1, 1, 0, NULL, NULL, 'TA', NULL, NULL, 0, NULL),
(188, 71, 14, 1, NULL, '', NULL, NULL, NULL, NULL, NULL, 0, NULL, NULL, NULL, NULL, 1, 1, 0, NULL, NULL, 'TA', NULL, NULL, 0, NULL),
(191, 73, 26, 1, NULL, '', NULL, NULL, NULL, NULL, NULL, 0, NULL, NULL, NULL, NULL, 1, 1, 0, NULL, NULL, 'TA', NULL, NULL, 0, NULL),
(192, 74, 26, 1, NULL, '', NULL, NULL, NULL, NULL, NULL, 0, NULL, NULL, NULL, NULL, 1, 1, 0, NULL, NULL, 'TA', NULL, NULL, 0, NULL),
(193, 75, 14, 1, NULL, '', NULL, NULL, NULL, NULL, NULL, 0, NULL, NULL, NULL, NULL, 1, 1, 0, NULL, NULL, 'TA', NULL, NULL, 0, NULL),
(194, 77, 26, 1, NULL, '', NULL, NULL, NULL, NULL, NULL, 0, NULL, NULL, NULL, NULL, 1, 1, 0, NULL, NULL, 'TA', NULL, NULL, 0, NULL),
(195, 78, 14, 1, NULL, '', NULL, NULL, NULL, NULL, NULL, 0, NULL, NULL, NULL, NULL, 1, 1, 0, NULL, NULL, 'TA', NULL, NULL, 0, NULL),
(196, 78, 27, 1, NULL, '', NULL, NULL, NULL, NULL, NULL, 0, NULL, NULL, NULL, NULL, 1, 1, 0, NULL, NULL, 'TA', NULL, NULL, 0, NULL),
(215, 87, 18, 7500, '2023-02-06', '', '0000-00-00', NULL, 10, NULL, 87, 0, NULL, NULL, NULL, NULL, 0, 1, 0, NULL, NULL, 'A', NULL, NULL, 0, NULL),
(216, 88, 83, 4500, '2023-02-06', '', '0000-00-00', NULL, 10, NULL, 88, 0, NULL, NULL, NULL, NULL, 1, 1, 0, NULL, NULL, 'A', NULL, NULL, 0, NULL),
(217, 88, 76, 3500, '2023-02-06', '', '0000-00-00', NULL, 10, NULL, 88, 0, NULL, NULL, NULL, NULL, 1, 1, 0, NULL, NULL, 'A', NULL, NULL, 0, NULL),
(218, 91, 9, 4500, '2023-02-06', '', '0000-00-00', NULL, 10, NULL, 91, 0, NULL, NULL, NULL, NULL, 1, 1, 0, NULL, NULL, 'A', NULL, NULL, 0, NULL),
(219, 91, 8, 4500, '2023-02-06', '', '0000-00-00', NULL, 10, NULL, 91, 0, NULL, NULL, NULL, NULL, 1, 1, 0, NULL, NULL, 'A', NULL, NULL, 0, NULL),
(220, 92, 87, 1200, '2023-02-06', '', '0000-00-00', NULL, 10, NULL, 92, 0, NULL, NULL, NULL, NULL, 1, 1, 0, NULL, NULL, 'A', NULL, NULL, 0, NULL),
(221, 92, 32, 1200, '2023-02-06', '', '0000-00-00', NULL, 10, NULL, 92, 0, NULL, NULL, NULL, NULL, 1, 1, 0, NULL, NULL, 'A', NULL, NULL, 0, NULL),
(222, 93, 74, 4500, '2023-02-06', '', '0000-00-00', NULL, 10, NULL, 93, 0, NULL, NULL, NULL, NULL, 1, 1, 0, NULL, NULL, 'A', NULL, NULL, 0, NULL),
(223, 93, 78, 3500, '2023-02-06', '', '0000-00-00', NULL, 10, NULL, 93, 0, NULL, NULL, NULL, NULL, 1, 1, 0, NULL, NULL, 'A', NULL, NULL, 0, NULL);

-- --------------------------------------------------------

--
-- Estructura de tabla para la tabla `guia_despacho_materiales`
--

CREATE TABLE `guia_despacho_materiales` (
  `id` bigint(11) NOT NULL,
  `id_materiales_insumos` int(11) DEFAULT NULL,
  `cantidad` int(11) DEFAULT NULL,
  `precio` int(11) DEFAULT NULL,
  `id_guia` int(11) DEFAULT NULL,
  `fecha` date DEFAULT NULL,
  `detalles` text COLLATE utf8_spanish_ci DEFAULT NULL,
  `se_cobra` int(11) DEFAULT NULL COMMENT '1 si se cobra o 0 va en el equipo',
  `validado` int(11) DEFAULT 1,
  `registro_eliminado` tinyint(1) DEFAULT 0,
  `id_eepp` int(11) DEFAULT NULL,
  `fecha_cobro` date DEFAULT NULL
) ENGINE=InnoDB DEFAULT CHARSET=utf8 COLLATE=utf8_spanish_ci;

--
-- Volcado de datos para la tabla `guia_despacho_materiales`
--

INSERT INTO `guia_despacho_materiales` (`id`, `id_materiales_insumos`, `cantidad`, `precio`, `id_guia`, `fecha`, `detalles`, `se_cobra`, `validado`, `registro_eliminado`, `id_eepp`, `fecha_cobro`) VALUES
(24, 1, 4, 6500, 54, '2022-11-03', NULL, 0, 0, 0, NULL, NULL),
(25, 1, 3, 6500, 54, '2022-11-03', NULL, 1, 0, 0, 18, '2022-11-30'),
(26, 2, 2, 6400, 54, '2022-11-03', NULL, 0, 0, 0, NULL, NULL),
(27, 2, 3, 6400, 54, '2022-11-03', NULL, 1, 0, 0, 18, '2022-11-30'),
(29, 1, 4, 6500, 57, '2022-11-03', NULL, 1, 0, 0, 18, '2022-11-30'),
(30, 1, 1, 6500, 57, '2022-11-03', NULL, 0, 0, 0, NULL, NULL),
(31, 1, 1, 8500, 57, '2022-11-03', NULL, 1, 0, 0, 18, '2022-11-30'),
(32, 1, 2, 6500, 57, '2022-11-03', NULL, 1, 0, 0, 18, '2022-11-30'),
(34, 1, 2, 6500, 27, '2022-09-25', NULL, 1, 0, 0, 9, '2022-09-30'),
(35, 2, 3, 6400, 27, '2022-09-25', NULL, 1, 0, 0, 9, '2022-09-30'),
(36, 2, 1, 6400, 59, '2022-11-19', NULL, 0, 0, 0, NULL, NULL),
(37, 1, 1, 6500, 59, '2022-11-19', NULL, 0, 0, 0, NULL, NULL),
(38, 1, 1, 6500, 59, '2022-11-19', NULL, 1, 0, 0, 17, '2022-11-30'),
(39, 2, 1, 6400, 59, '2022-11-19', NULL, 1, 0, 0, 17, '2022-11-30');

-- --------------------------------------------------------

--
-- Estructura de tabla para la tabla `iva`
--

CREATE TABLE `iva` (
  `id` int(11) NOT NULL,
  `monto_iva` decimal(10,2) NOT NULL DEFAULT 19.00
) ENGINE=InnoDB DEFAULT CHARSET=utf8 COLLATE=utf8_spanish_ci;

--
-- Volcado de datos para la tabla `iva`
--

INSERT INTO `iva` (`id`, `monto_iva`) VALUES
(1, '19.00');

-- --------------------------------------------------------

--
-- Estructura de tabla para la tabla `log_cambia_estados`
--

CREATE TABLE `log_cambia_estados` (
  `id` int(11) NOT NULL,
  `id_equipo` int(11) NOT NULL,
  `id_estado_anterior` int(11) NOT NULL,
  `id_nuevo_estado` int(11) NOT NULL,
  `fecha_cambio` date NOT NULL,
  `fecha_real` timestamp NOT NULL DEFAULT current_timestamp(),
  `id_usuario` int(11) NOT NULL,
  `id_guia` int(11) NOT NULL,
  `fecha_termino` date DEFAULT NULL,
  `motivo` text COLLATE utf8_spanish_ci NOT NULL,
  `aprobado` tinyint(1) NOT NULL DEFAULT 0,
  `fecha_aprueba` datetime DEFAULT NULL ON UPDATE current_timestamp(),
  `id_usuario_aprueba` int(11) DEFAULT NULL,
  `id_guia_despacho_envia` int(11) DEFAULT NULL
) ENGINE=InnoDB DEFAULT CHARSET=utf8 COLLATE=utf8_spanish_ci;

--
-- Volcado de datos para la tabla `log_cambia_estados`
--

INSERT INTO `log_cambia_estados` (`id`, `id_equipo`, `id_estado_anterior`, `id_nuevo_estado`, `fecha_cambio`, `fecha_real`, `id_usuario`, `id_guia`, `fecha_termino`, `motivo`, `aprobado`, `fecha_aprueba`, `id_usuario_aprueba`, `id_guia_despacho_envia`) VALUES
(12, 25, 23, 31, '2023-01-12', '2023-01-13 00:16:13', 1, 0, '2023-01-12', 'VUELVE A DISPONIBLE', 1, '2023-01-12 21:16:28', 1, NULL),
(15, 60, 2, 24, '2023-01-04', '2023-01-18 03:43:06', 1, 66, '2023-01-04', 'EQUIPO PERDIDO EN OBRA, SE REALIZA COBRO POR REPOSICION', 1, '2023-01-18 03:07:58', 1, NULL),
(16, 14, 18, 1, '0000-00-00', '2023-01-18 04:27:07', 1, 0, '0000-00-00', 'EQUIPO OPERATIVO', 1, '2023-01-18 01:46:50', 1, NULL),
(17, 60, 24, 25, '0000-00-00', '2023-01-18 06:55:16', 1, 0, '0000-00-00', 'REALIZA FACTURACIóN DE EQUIPO', 1, '2023-01-18 03:55:22', 1, NULL),
(18, 19, 2, 29, '2023-01-13', '2023-01-21 18:35:33', 1, 61, '2023-01-13', 'PERDIDA DEL EQUIPO EN OBRA, SE REALIZA PERDIDA TOTAL DEL EQUIPO', 1, '2023-01-21 15:35:51', 1, NULL),
(19, 14, 1, 21, '0000-00-00', '2023-01-29 17:41:07', 1, 0, '0000-00-00', 'PROBLEMAS EN EL EQUIPO', 1, '2023-01-30 19:17:01', 1, 78),
(20, 26, 1, 21, '0000-00-00', '2023-01-29 17:41:28', 1, 0, '0000-00-00', 'EQUIPO CON PROBLEMAS', 1, '2023-01-30 19:16:19', 1, 77),
(21, 27, 18, 22, '0000-00-00', '2023-01-30 22:15:03', 1, 0, '0000-00-00', 'GARANTIA', 1, '2023-01-30 19:17:04', 1, 78),
(22, 27, 22, 1, '0000-00-00', '2023-02-06 16:28:22', 1, 0, '0000-00-00', 'DISPONIBLE NUEVAMENTE', 0, NULL, NULL, NULL),
(23, 30, 18, 1, '0000-00-00', '2023-02-06 22:17:21', 1, 0, '0000-00-00', 'REVISADO', 0, NULL, NULL, NULL),
(24, 46, 18, 1, '0000-00-00', '2023-02-06 22:17:32', 1, 0, '0000-00-00', 'REVISADO', 0, NULL, NULL, NULL),
(25, 48, 18, 1, '0000-00-00', '2023-02-06 22:17:42', 1, 0, '0000-00-00', 'REVISA', 0, NULL, NULL, NULL),
(26, 10, 18, 1, '0000-00-00', '2023-02-06 22:17:53', 1, 0, '0000-00-00', 'REVISADO', 0, NULL, NULL, NULL),
(27, 77, 18, 1, '0000-00-00', '2023-02-06 22:18:03', 1, 0, '0000-00-00', 'REVISADO', 0, NULL, NULL, NULL),
(28, 73, 18, 1, '0000-00-00', '2023-02-06 22:18:12', 1, 0, '0000-00-00', 'REVISADO', 0, NULL, NULL, NULL);

-- --------------------------------------------------------

--
-- Estructura de tabla para la tabla `log_mantenedor_equipos`
--

CREATE TABLE `log_mantenedor_equipos` (
  `id` int(11) NOT NULL,
  `id_equipo` int(11) NOT NULL,
  `codigo_equipo` text COLLATE utf8_spanish_ci NOT NULL,
  `serie_equipo` text COLLATE utf8_spanish_ci NOT NULL,
  `precio_equipo` int(11) NOT NULL,
  `id_sucursal_equipo` int(11) NOT NULL,
  `fecha_actualizacion` timestamp NOT NULL DEFAULT current_timestamp(),
  `id_usuario` int(11) DEFAULT NULL
) ENGINE=InnoDB DEFAULT CHARSET=utf8 COLLATE=utf8_spanish_ci;

--
-- Volcado de datos para la tabla `log_mantenedor_equipos`
--

INSERT INTO `log_mantenedor_equipos` (`id`, `id_equipo`, `codigo_equipo`, `serie_equipo`, `precio_equipo`, `id_sucursal_equipo`, `fecha_actualizacion`, `id_usuario`) VALUES
(1, 72, 'OPRRR45', 'OPRRR45', 1200, 2, '2022-09-13 05:35:15', 1),
(2, 72, 'OPRRR45', 'OPRRR45', 1200, 2, '2022-09-13 05:47:27', 1),
(3, 72, 'RTPO09', 'OPRRR45', 1200, 2, '2022-09-13 05:47:48', 1),
(4, 52, '6521', '6521', 1200, 2, '2022-09-19 20:02:56', 1),
(5, 52, '6521', '6521', 1200, 2, '2022-09-19 20:03:03', 1),
(6, 52, '6521', '6521', 1200, 1, '2022-09-19 20:04:52', 1),
(7, 52, '6521', '6521', 1200, 2, '2022-09-19 20:05:12', 1),
(8, 52, '6521', '6521', 1200, 1, '2022-09-19 20:06:50', 1),
(9, 72, 'RTPO09', 'OPRRR45', 1200, 1, '2022-09-19 20:06:58', 1),
(10, 52, '6521', '6521', 1200, 2, '2022-09-19 20:07:01', 1),
(11, 52, '6521', '6521', 6200, 2, '2022-09-19 20:07:15', 1),
(12, 52, '6521', '6521', 2500, 2, '2022-09-19 20:07:26', 1),
(13, 52, '6521', '6521', 1200, 1, '2022-09-19 20:07:32', 1),
(14, 52, '6521987123', '65219874561', 5600, 2, '2022-09-19 20:10:19', 1),
(15, 72, 'RTPO09', 'OPRRR45', 4500, 2, '2022-09-19 20:14:00', 1),
(16, 69, '85PP', '85PP', 3401, 2, '2022-09-19 20:24:40', 1),
(17, 69, '85PP', '85PP', 3400, 1, '2022-09-19 20:24:52', 1),
(18, 69, '85PP', '85PP', 3400, 2, '2022-09-19 20:24:57', 1),
(19, 52, '652198', '652198', 1200, 2, '2022-09-19 21:48:12', 1),
(20, 52, '652198', '65219874561', 1200, 2, '2022-09-19 21:58:03', 1),
(21, 73, 'ELAS45', '65877', 4000, 1, '2022-09-25 05:37:44', 1),
(22, 32, '36545', '36521', 1200, 3, '2022-10-07 22:57:11', 1),
(23, 75, 'SMBH02', '65844401', 4500, 1, '2022-10-08 04:42:14', 1),
(24, 32, '36545', '36521', 1200, 2, '2022-10-13 17:07:26', 3),
(25, 84, 'KVA52', 'KVA52', 3500, 2, '2022-10-19 21:18:22', 1),
(26, 84, 'KVA52', 'KVA52', 650000, 2, '2022-10-19 21:18:41', 1),
(27, 84, 'KVA52', 'KVA52', 2500, 1, '2022-10-19 21:22:47', 1),
(28, 85, 'KVA53', 'KVA53', 2500, 1, '2022-10-19 21:22:50', 1),
(29, 84, 'KVA52', 'KVA52', 2500, 2, '2022-10-19 21:31:25', 3),
(30, 85, 'KVA53', 'KVA53', 2500, 2, '2022-10-19 21:31:29', 3),
(31, 44, '6521A', '6521', 7500, 1, '2022-10-27 02:26:59', 1),
(32, 45, '6521A', '6521', 7500, 1, '2022-10-27 02:27:12', 1),
(33, 45, '6521B', '6521', 7500, 1, '2022-10-27 02:27:28', 1),
(34, 47, '6521C', '6521C', 3400, 1, '2022-10-27 02:27:43', 1),
(35, 45, '6521B', '6521B', 7500, 1, '2022-10-27 02:28:01', 1),
(36, 26, '6522', '6522', 5600, 1, '2022-10-27 02:28:26', 1),
(37, 80, '2898', '2898', 4500, 1, '2022-10-27 14:56:56', 1),
(38, 79, '2897', '2897', 4500, 1, '2023-01-08 22:21:22', 1),
(39, 69, '85PP', '85PP', 0, 0, '2023-01-11 18:53:57', 3),
(40, 27, '6522365', '6522', 0, 0, '2023-01-12 17:28:41', 1);

-- --------------------------------------------------------

--
-- Estructura de tabla para la tabla `marcas`
--

CREATE TABLE `marcas` (
  `id` int(11) NOT NULL,
  `descripcion` text COLLATE utf8_spanish_ci NOT NULL,
  `creacion` timestamp NOT NULL DEFAULT current_timestamp()
) ENGINE=InnoDB DEFAULT CHARSET=utf8 COLLATE=utf8_spanish_ci;

--
-- Volcado de datos para la tabla `marcas`
--

INSERT INTO `marcas` (`id`, `descripcion`, `creacion`) VALUES
(2, 'BOSH', '2022-03-11 21:38:46'),
(3, 'HILTI', '2022-03-11 21:38:46'),
(6, 'BLACK AND DECKER', '2022-03-14 20:21:18');

-- --------------------------------------------------------

--
-- Estructura de tabla para la tabla `materiales_insumos`
--

CREATE TABLE `materiales_insumos` (
  `id` int(11) NOT NULL,
  `codigo` text COLLATE utf8_spanish_ci DEFAULT NULL,
  `codigo_proveedor` text COLLATE utf8_spanish_ci DEFAULT NULL,
  `descripcion` text COLLATE utf8_spanish_ci NOT NULL,
  `detalle` longtext COLLATE utf8_spanish_ci DEFAULT NULL,
  `precio` int(11) DEFAULT NULL,
  `cantidad_entra` int(11) DEFAULT NULL,
  `cantidad_sale` int(11) DEFAULT NULL,
  `cantidad_stock` int(11) DEFAULT NULL,
  `stock_critico` int(11) DEFAULT NULL,
  `id_sucursal` int(11) NOT NULL
) ENGINE=InnoDB DEFAULT CHARSET=utf8 COLLATE=utf8_spanish_ci;

--
-- Volcado de datos para la tabla `materiales_insumos`
--

INSERT INTO `materiales_insumos` (`id`, `codigo`, `codigo_proveedor`, `descripcion`, `detalle`, `precio`, `cantidad_entra`, `cantidad_sale`, `cantidad_stock`, `stock_critico`, `id_sucursal`) VALUES
(1, '58755332G', NULL, 'PUNTA ACERO HILTI', 'PUNTA ACERO PARA DEMOLEDORES', 6500, 20, 17, 20, 10, 1),
(2, '89658744L', NULL, 'PALETA ACERO HILTI', 'PALETA DE ACERO PARA DEMOLEDORES', 6400, 20, 9, 20, 10, 1);

-- --------------------------------------------------------

--
-- Estructura de tabla para la tabla `nombre_equipos`
--

CREATE TABLE `nombre_equipos` (
  `id` int(11) NOT NULL,
  `id_categoria` int(11) NOT NULL,
  `id_marca` int(11) NOT NULL,
  `descripcion` text COLLATE utf8_spanish_ci NOT NULL,
  `foto` text COLLATE utf8_spanish_ci DEFAULT NULL,
  `estado` int(11) NOT NULL DEFAULT 1,
  `precio` int(11) NOT NULL DEFAULT 0,
  `modelo` text COLLATE utf8_spanish_ci DEFAULT NULL,
  `meses_garantia` int(11) NOT NULL DEFAULT 0,
  `vida_util` int(11) DEFAULT 0,
  `creacion` timestamp NOT NULL DEFAULT current_timestamp(),
  `actualizado` timestamp NOT NULL DEFAULT current_timestamp(),
  `usuario` text COLLATE utf8_spanish_ci DEFAULT NULL
) ENGINE=InnoDB DEFAULT CHARSET=utf8 COLLATE=utf8_spanish_ci;

--
-- Volcado de datos para la tabla `nombre_equipos`
--

INSERT INTO `nombre_equipos` (`id`, `id_categoria`, `id_marca`, `descripcion`, `foto`, `estado`, `precio`, `modelo`, `meses_garantia`, `vida_util`, `creacion`, `actualizado`, `usuario`) VALUES
(6, 10, 6, 'CINCELADOR 10 KGS', '', 1, 5600, 'TGH', 24, 50, '2022-03-11 21:39:02', '2022-09-19 23:16:07', 'LEONARDO FREY'),
(7, 8, 2, 'SONDA FLEXIBLE 4X5MTS', 'vistas/img/productos/7/445.jpg', 1, 1200, 'FLX', 6, NULL, '2022-03-11 21:39:02', '2022-09-19 23:16:07', 'LEONARDO FREY'),
(8, 10, 3, 'CINCELADOR 10 KGS', '', 1, 7500, 'XYZ', 24, 40, '2022-03-11 21:39:02', '2022-09-19 23:16:07', 'LEONARDO FREY'),
(11, 6, 2, 'CINCELADOR 5 KILOS', 'vistas/img/productos/11/161.jpg', 1, 3400, 'AVR', 24, 40, '2022-03-11 21:39:02', '2022-09-19 23:16:07', 'LEONARDO FREY'),
(15, 6, 2, 'CINCELADOR 5 KILOS', '', 1, 5500, 'TGB', 24, 40, '2022-03-11 21:39:02', '2022-09-19 23:16:07', 'LEONARDO FREY'),
(16, 9, 3, 'DEMOLEDOR  7 KGS', 'vistas/img/productos/16/866.jpg', 0, 4500, 'TYU', 24, 12, '2022-03-11 21:39:02', '2022-09-19 23:16:07', 'LEONARDO FREY'),
(17, 9, 3, 'DEMOLEDOR 10 KGS', '', 1, 8500, 'SDR', 24, NULL, '2022-03-14 14:17:08', '2022-09-19 23:16:07', 'LEONARDO FREY'),
(19, 9, 2, 'DEMOLEDOR 15 KILOS', '', 1, 3500, 'BYU', 24, 12, '2022-04-28 04:12:56', '2022-09-19 23:16:07', 'LEONARDO FREY'),
(20, 8, 3, 'SONDA FLEXIBLE ELASTICA', '', 1, 4000, 'ELAS', 10, 16, '2022-09-25 04:17:52', '2022-09-25 04:17:52', NULL),
(21, 11, 2, 'ESMERIL ANGULAR 9\'\'', NULL, 1, 3500, 'ESM', 12, 12, '2022-10-08 00:44:04', '2022-10-08 00:44:04', NULL),
(22, 11, 3, 'ESMERIL ANGULAR 9\'\'', NULL, 1, 4500, 'SMBH', 18, 12, '2022-10-08 00:44:48', '2022-10-08 00:44:48', NULL),
(23, 11, 6, 'ESMERIL ANGULAR 9\'\'', NULL, 1, 2500, 'SABYD', 24, 24, '2022-10-08 00:45:23', '2022-10-08 00:45:23', NULL),
(24, 13, 3, 'ESMERIL 4 1/2', NULL, 1, 4500, 'ES87', 12, 10, '2022-10-13 16:50:56', '2022-10-13 16:50:56', NULL),
(25, 13, 3, 'ESMERIL 4 1/2 \'\'', NULL, 1, 4200, 'ES90', 12, 10, '2022-10-13 16:51:36', '2022-10-13 16:51:36', NULL),
(26, 15, 2, 'GENERADOR 4KVA', NULL, 1, 2500, 'KVA10', 12, 10, '2022-10-19 21:13:12', '2022-10-19 21:13:12', NULL),
(27, 10, 2, 'DEMOLEDOR 10 KILOS', NULL, 1, 3000, 'DM10', 12, 10, '2023-01-21 17:37:32', '2023-01-21 17:37:32', NULL);

-- --------------------------------------------------------

--
-- Estructura de tabla para la tabla `nota_credito`
--

CREATE TABLE `nota_credito` (
  `id` int(11) NOT NULL,
  `numero_nc` int(11) NOT NULL,
  `id_factura` int(11) NOT NULL,
  `id_constructora` int(11) NOT NULL,
  `id_obra` int(11) NOT NULL,
  `fecha_nota` date NOT NULL,
  `iva` decimal(11,2) NOT NULL,
  `neto` int(11) NOT NULL DEFAULT 0,
  `estado_nota` int(11) NOT NULL DEFAULT 12,
  `id_empresa` int(11) NOT NULL,
  `tipo_nota` int(11) NOT NULL,
  `rut_cliente` text COLLATE utf8_spanish_ci DEFAULT NULL,
  `razon_cliente` text COLLATE utf8_spanish_ci DEFAULT NULL,
  `telefono_cliente` text COLLATE utf8_spanish_ci DEFAULT NULL,
  `contacto_cliente` text COLLATE utf8_spanish_ci DEFAULT NULL,
  `direccion_cliente` text COLLATE utf8_spanish_ci DEFAULT NULL,
  `comuna_cliente` text COLLATE utf8_spanish_ci DEFAULT NULL,
  `ciudad_cliente` text COLLATE utf8_spanish_ci DEFAULT NULL,
  `actividad_cliente` text COLLATE utf8_spanish_ci DEFAULT NULL,
  `proceso` text COLLATE utf8_spanish_ci NOT NULL DEFAULT 'F'
) ENGINE=InnoDB DEFAULT CHARSET=utf8 COLLATE=utf8_spanish_ci;

--
-- Volcado de datos para la tabla `nota_credito`
--

INSERT INTO `nota_credito` (`id`, `numero_nc`, `id_factura`, `id_constructora`, `id_obra`, `fecha_nota`, `iva`, `neto`, `estado_nota`, `id_empresa`, `tipo_nota`, `rut_cliente`, `razon_cliente`, `telefono_cliente`, `contacto_cliente`, `direccion_cliente`, `comuna_cliente`, `ciudad_cliente`, `actividad_cliente`, `proceso`) VALUES
(28, 22, 15, 3, 3, '2023-01-08', '19.00', 1000, 13, 1, 2, '8349073-K', 'CONSTRUCTORA ALFA', '967564098', 'LEO', 'CALLE 4 ORIENTE 55', 'RECOLETA', 'SANTIAGO', '50011', 'F'),
(33, 23, 15, 3, 3, '2023-01-09', '19.00', 2000, 13, 1, 2, '8349073-K', 'CONSTRUCTORA ALFA', '967564098', 'LEO', 'CALLE 4 ORIENTE 55', 'RECOLETA', 'SANTIAGO', '50011', 'F');

-- --------------------------------------------------------

--
-- Estructura de tabla para la tabla `nota_credito_sii`
--

CREATE TABLE `nota_credito_sii` (
  `id` bigint(11) NOT NULL,
  `id_factura` int(11) NOT NULL,
  `id_nota_credito` int(11) NOT NULL,
  `id_eepp` int(11) DEFAULT NULL,
  `codigo` text COLLATE utf8_spanish_ci DEFAULT NULL,
  `descripcion` text COLLATE utf8_spanish_ci DEFAULT NULL,
  `glosa` text COLLATE utf8_spanish_ci DEFAULT NULL,
  `cantidad` int(11) DEFAULT 1,
  `um` text COLLATE utf8_spanish_ci DEFAULT NULL,
  `precio` int(11) NOT NULL DEFAULT 0,
  `imp_adicional` text COLLATE utf8_spanish_ci DEFAULT NULL,
  `por_descuento` text COLLATE utf8_spanish_ci DEFAULT NULL,
  `valor` int(11) NOT NULL DEFAULT 0
) ENGINE=InnoDB DEFAULT CHARSET=utf8 COLLATE=utf8_spanish_ci;

--
-- Volcado de datos para la tabla `nota_credito_sii`
--

INSERT INTO `nota_credito_sii` (`id`, `id_factura`, `id_nota_credito`, `id_eepp`, `codigo`, `descripcion`, `glosa`, `cantidad`, `um`, `precio`, `imp_adicional`, `por_descuento`, `valor`) VALUES
(29, 15, 28, 11, NULL, 'Arriendos OCTUBRE-2022', NULL, 1, NULL, 1000, NULL, NULL, 1000),
(32, 15, 33, 11, NULL, 'Arriendos OCTUBRE-2022', NULL, 1, NULL, 2000, NULL, NULL, 2000);

-- --------------------------------------------------------

--
-- Estructura de tabla para la tabla `nota_debito`
--

CREATE TABLE `nota_debito` (
  `id` int(11) NOT NULL,
  `numero_nd` int(11) NOT NULL,
  `id_factura` int(11) NOT NULL,
  `id_constructora` int(11) NOT NULL,
  `id_obra` int(11) NOT NULL,
  `fecha_nota` date NOT NULL,
  `iva` decimal(11,2) NOT NULL,
  `neto` int(11) NOT NULL DEFAULT 0,
  `estado_nota` int(11) NOT NULL DEFAULT 12,
  `id_empresa` int(11) NOT NULL,
  `tipo_nota` int(11) NOT NULL,
  `rut_cliente` text COLLATE utf8_spanish_ci DEFAULT NULL,
  `razon_cliente` text COLLATE utf8_spanish_ci DEFAULT NULL,
  `telefono_cliente` text COLLATE utf8_spanish_ci DEFAULT NULL,
  `contacto_cliente` text COLLATE utf8_spanish_ci DEFAULT NULL,
  `direccion_cliente` text COLLATE utf8_spanish_ci DEFAULT NULL,
  `comuna_cliente` text COLLATE utf8_spanish_ci DEFAULT NULL,
  `ciudad_cliente` text COLLATE utf8_spanish_ci DEFAULT NULL,
  `actividad_cliente` text COLLATE utf8_spanish_ci DEFAULT NULL
) ENGINE=InnoDB DEFAULT CHARSET=utf8 COLLATE=utf8_spanish_ci;

--
-- Volcado de datos para la tabla `nota_debito`
--

INSERT INTO `nota_debito` (`id`, `numero_nd`, `id_factura`, `id_constructora`, `id_obra`, `fecha_nota`, `iva`, `neto`, `estado_nota`, `id_empresa`, `tipo_nota`, `rut_cliente`, `razon_cliente`, `telefono_cliente`, `contacto_cliente`, `direccion_cliente`, `comuna_cliente`, `ciudad_cliente`, `actividad_cliente`) VALUES
(7, 0, 1, 3, 6, '2023-01-09', '19.00', 0, 12, 1, 1, NULL, NULL, NULL, NULL, NULL, NULL, NULL, NULL);

-- --------------------------------------------------------

--
-- Estructura de tabla para la tabla `nota_debito_sii`
--

CREATE TABLE `nota_debito_sii` (
  `id` bigint(11) NOT NULL,
  `id_factura` int(11) NOT NULL,
  `id_nota_debito` int(11) NOT NULL,
  `id_eepp` int(11) DEFAULT NULL,
  `codigo` text COLLATE utf8_spanish_ci DEFAULT NULL,
  `descripcion` text COLLATE utf8_spanish_ci DEFAULT NULL,
  `glosa` text COLLATE utf8_spanish_ci DEFAULT NULL,
  `cantidad` int(11) DEFAULT 1,
  `um` text COLLATE utf8_spanish_ci DEFAULT NULL,
  `precio` int(11) NOT NULL DEFAULT 0,
  `imp_adicional` text COLLATE utf8_spanish_ci DEFAULT NULL,
  `por_descuento` text COLLATE utf8_spanish_ci DEFAULT NULL,
  `valor` int(11) NOT NULL DEFAULT 0
) ENGINE=InnoDB DEFAULT CHARSET=utf8 COLLATE=utf8_spanish_ci;

-- --------------------------------------------------------

--
-- Estructura de tabla para la tabla `obras`
--

CREATE TABLE `obras` (
  `id` int(11) NOT NULL,
  `id_constructoras` int(11) NOT NULL,
  `nombre` text COLLATE utf8_spanish_ci NOT NULL,
  `contacto` text COLLATE utf8_spanish_ci NOT NULL,
  `direccion` text COLLATE utf8_spanish_ci NOT NULL,
  `telefono` text COLLATE utf8_spanish_ci NOT NULL,
  `email` text COLLATE utf8_spanish_ci NOT NULL,
  `forma_cobro_id` int(11) NOT NULL,
  `estado` int(11) NOT NULL DEFAULT 1,
  `creacion` timestamp NOT NULL DEFAULT current_timestamp(),
  `ciudad` int(11) DEFAULT NULL,
  `comuna` text CHARACTER SET utf8 COLLATE utf8_spanish2_ci DEFAULT NULL
) ENGINE=InnoDB DEFAULT CHARSET=utf8 COLLATE=utf8_spanish_ci;

--
-- Volcado de datos para la tabla `obras`
--

INSERT INTO `obras` (`id`, `id_constructoras`, `nombre`, `contacto`, `direccion`, `telefono`, `email`, `forma_cobro_id`, `estado`, `creacion`, `ciudad`, `comuna`) VALUES
(3, 3, 'LOS PINOS', 'PRUEBA', 'CUALQUIERA', '967564098', 'l.frey.g@gmail.com', 3, 1, '2022-03-11 21:39:18', 1, 'PERALILLO'),
(5, 3, 'PIEDRA LANCETA', ' SDSDS D', 'SDSDS', '', 'dsdsdsd@gmail.com', 1, 1, '2022-03-11 21:39:18', 1, 'MACHALí'),
(6, 3, 'ACAPULCO', 'SDSDS', 'DSD', '967564098', 'dsdsds@fdd', 3, 1, '2022-03-11 21:39:18', 1, 'PERALILLO'),
(7, 3, 'LOS TOPACIOS', 'DSDS', 'DSDSD', '', 'sdsdsds@gmail.com', 3, 1, '2022-03-11 21:39:18', 1, 'RANCAGUA'),
(8, 4, 'LOS LAURELES', 'DSDS', 'DSDS', '', 'sdsds@gmail.com', 3, 1, '2022-03-11 21:39:18', 1, 'CHIMBARONGO'),
(9, 3, 'URBANISMO', 'SDSD', 'SDSDS', '', 'ds@sss', 2, 1, '2022-03-11 21:39:18', 1, 'MACHALí'),
(10, 5, 'PRIMERA DE LINEA ÑANDU', 'LEO', 'LAS FLECHAS 85447, LAS CONDES', '985474455', 'l.frey.g@gmail.com', 1, 1, '2022-03-17 03:13:03', 1, 'DOñIHUE');

-- --------------------------------------------------------

--
-- Estructura de tabla para la tabla `oc_arriendos`
--

CREATE TABLE `oc_arriendos` (
  `id` int(11) NOT NULL,
  `id_constructora` int(11) NOT NULL,
  `id_obra` int(11) NOT NULL,
  `id_eepp` int(11) NOT NULL,
  `numero_oc` text COLLATE utf8_spanish_ci NOT NULL,
  `fecha_oc` date NOT NULL,
  `fecha_creacion` timestamp NOT NULL DEFAULT current_timestamp(),
  `usuario_crea` text COLLATE utf8_spanish_ci NOT NULL,
  `id_factura` int(11) DEFAULT NULL
) ENGINE=InnoDB DEFAULT CHARSET=utf8 COLLATE=utf8_spanish_ci;

--
-- Volcado de datos para la tabla `oc_arriendos`
--

INSERT INTO `oc_arriendos` (`id`, `id_constructora`, `id_obra`, `id_eepp`, `numero_oc`, `fecha_oc`, `fecha_creacion`, `usuario_crea`, `id_factura`) VALUES
(4, 4, 8, 19, '85200', '2023-01-05', '2023-01-05 14:40:43', 'LEONARDO FREY', 13),
(6, 3, 6, 10, '36522', '2023-01-29', '2023-01-30 02:32:26', 'LEONARDO FREY', 19);

-- --------------------------------------------------------

--
-- Estructura de tabla para la tabla `oc_arriendos_detalle`
--

CREATE TABLE `oc_arriendos_detalle` (
  `id` int(11) NOT NULL,
  `id_oc_arriendo` int(11) NOT NULL,
  `numero_oc` text COLLATE utf8_spanish_ci DEFAULT NULL,
  `id_constructora` int(11) NOT NULL,
  `id_obra` int(11) NOT NULL,
  `id_eepp` int(11) NOT NULL,
  `id_eepp_detalle` int(11) NOT NULL,
  `precio_origen` int(11) NOT NULL,
  `cantidad_origen` int(11) NOT NULL,
  `precio_oc` int(11) NOT NULL,
  `cantidad_oc` int(11) NOT NULL,
  `total` int(11) NOT NULL,
  `tabla` text COLLATE utf8_spanish_ci NOT NULL
) ENGINE=InnoDB DEFAULT CHARSET=utf8 COLLATE=utf8_spanish_ci;

--
-- Volcado de datos para la tabla `oc_arriendos_detalle`
--

INSERT INTO `oc_arriendos_detalle` (`id`, `id_oc_arriendo`, `numero_oc`, `id_constructora`, `id_obra`, `id_eepp`, `id_eepp_detalle`, `precio_origen`, `cantidad_origen`, `precio_oc`, `cantidad_oc`, `total`, `tabla`) VALUES
(10, 4, '85200', 4, 8, 19, 152, 0, 0, 7500, 42, 315000, 'EQUIPOS'),
(11, 4, '85200', 4, 8, 19, 153, 0, 0, 7500, 15, 112500, 'EQUIPOS'),
(12, 4, '85200', 4, 8, 19, 155, 0, 0, 7500, 15, 112500, 'EQUIPOS'),
(13, 4, '85200', 4, 8, 19, 156, 0, 0, 5600, 6, 33600, 'EQUIPOS'),
(14, 6, '36522', 3, 6, 10, 104, 0, 0, 7500, 2, 15000, 'EQUIPOS'),
(15, 6, '36522', 3, 6, 10, 105, 0, 0, 7500, 2, 15000, 'EQUIPOS'),
(16, 6, '36522', 3, 6, 10, 106, 0, 0, 4500, 7, 31500, 'EQUIPOS');

-- --------------------------------------------------------

--
-- Estructura de tabla para la tabla `pedido_equipo`
--

CREATE TABLE `pedido_equipo` (
  `id` int(11) NOT NULL,
  `id_constructoras` int(11) NOT NULL,
  `id_obras` int(11) NOT NULL,
  `id_sucursal` int(11) NOT NULL,
  `id_usuario` int(11) NOT NULL,
  `estado` int(11) NOT NULL DEFAULT 7,
  `compartido` int(11) NOT NULL DEFAULT 0,
  `documento` text COLLATE utf8_spanish_ci DEFAULT NULL,
  `orden_compra` text COLLATE utf8_spanish_ci DEFAULT NULL,
  `creado` timestamp NOT NULL DEFAULT current_timestamp()
) ENGINE=InnoDB DEFAULT CHARSET=utf8 COLLATE=utf8_spanish_ci;

--
-- Volcado de datos para la tabla `pedido_equipo`
--

INSERT INTO `pedido_equipo` (`id`, `id_constructoras`, `id_obras`, `id_sucursal`, `id_usuario`, `estado`, `compartido`, `documento`, `orden_compra`, `creado`) VALUES
(15, 3, 5, 3, 1, 8, 0, '', '', '2023-02-03 03:10:16'),
(16, 3, 5, 1, 1, 8, 0, NULL, '', '2023-02-06 21:47:53'),
(17, 4, 8, 1, 1, 8, 0, NULL, '', '2023-02-06 21:59:11'),
(18, 5, 10, 1, 1, 8, 0, NULL, '', '2023-02-06 21:59:32');

-- --------------------------------------------------------

--
-- Estructura de tabla para la tabla `pedido_equipo_detalle`
--

CREATE TABLE `pedido_equipo_detalle` (
  `id` int(11) NOT NULL,
  `id_constructora` int(11) DEFAULT NULL,
  `id_obra` int(11) DEFAULT NULL,
  `id_pedido_equipo` int(11) NOT NULL,
  `id_nombre_equipo` int(11) NOT NULL,
  `cantidad_solicita` int(11) NOT NULL,
  `observaciones` text COLLATE utf8_spanish_ci DEFAULT NULL,
  `tipo` int(11) NOT NULL COMMENT 'arriendo=10, cambio=11',
  `id_guia_despacho` int(11) DEFAULT NULL COMMENT 'id guia_despacho_detalle',
  `id_guia_detalle` int(11) DEFAULT NULL,
  `id_equipo` int(11) DEFAULT NULL,
  `cantidad_guia` int(11) DEFAULT NULL,
  `fecha_entrega` date DEFAULT NULL
) ENGINE=InnoDB DEFAULT CHARSET=utf8 COLLATE=utf8_spanish_ci;

--
-- Volcado de datos para la tabla `pedido_equipo_detalle`
--

INSERT INTO `pedido_equipo_detalle` (`id`, `id_constructora`, `id_obra`, `id_pedido_equipo`, `id_nombre_equipo`, `cantidad_solicita`, `observaciones`, `tipo`, `id_guia_despacho`, `id_guia_detalle`, `id_equipo`, `cantidad_guia`, `fecha_entrega`) VALUES
(97, 3, 5, 15, 10, 0, '', 11, 87, 215, 18, NULL, NULL),
(98, 3, 5, 15, 10, 0, '', 10, NULL, NULL, NULL, NULL, NULL),
(99, 3, 5, 15, 10, 0, '', 10, NULL, NULL, NULL, NULL, NULL),
(100, 3, 5, 15, 13, 0, '', 10, NULL, NULL, NULL, NULL, NULL),
(101, 3, 5, 15, 11, 0, '', 10, NULL, NULL, NULL, NULL, NULL),
(102, 3, 5, 16, 9, 0, '', 11, NULL, NULL, NULL, NULL, NULL),
(103, 3, 5, 16, 9, 0, '', 10, NULL, NULL, NULL, NULL, NULL),
(104, 3, 5, 16, 9, 0, '', 10, NULL, NULL, NULL, NULL, NULL),
(105, 4, 8, 17, 8, 0, '', 10, NULL, NULL, NULL, NULL, NULL),
(106, 4, 8, 17, 8, 0, '', 10, NULL, NULL, NULL, NULL, NULL),
(107, 5, 10, 18, 11, 0, '', 10, NULL, NULL, NULL, NULL, NULL),
(108, 5, 10, 18, 11, 0, '', 10, NULL, NULL, NULL, NULL, NULL);

-- --------------------------------------------------------

--
-- Estructura de tabla para la tabla `pedido_interno`
--

CREATE TABLE `pedido_interno` (
  `id` int(11) NOT NULL,
  `id_sucursal` int(11) NOT NULL,
  `id_usuario` int(11) NOT NULL,
  `fecha_creacion` timestamp NOT NULL DEFAULT current_timestamp(),
  `eliminado` tinyint(1) NOT NULL DEFAULT 0,
  `finalizado` tinyint(1) NOT NULL DEFAULT 0,
  `despachado` tinyint(1) NOT NULL DEFAULT 0
) ENGINE=InnoDB DEFAULT CHARSET=utf8 COLLATE=utf8_spanish_ci;

--
-- Volcado de datos para la tabla `pedido_interno`
--

INSERT INTO `pedido_interno` (`id`, `id_sucursal`, `id_usuario`, `fecha_creacion`, `eliminado`, `finalizado`, `despachado`) VALUES
(1, 1, 1, '2022-10-06 23:21:20', 1, 1, 0),
(2, 1, 1, '2022-10-06 23:21:30', 1, 1, 0),
(3, 1, 1, '2022-10-06 23:27:08', 1, 1, 0),
(4, 1, 1, '2022-10-07 01:58:24', 1, 1, 0),
(5, 1, 1, '2022-10-07 01:58:29', 1, 1, 0),
(6, 1, 1, '2022-10-07 01:58:35', 1, 1, 0),
(7, 1, 1, '2022-10-07 01:58:40', 1, 1, 0),
(8, 1, 1, '2022-10-07 01:58:45', 1, 1, 0),
(9, 1, 1, '2022-10-07 02:00:09', 1, 1, 0),
(10, 1, 1, '2022-10-07 02:00:14', 1, 1, 0),
(11, 1, 1, '2022-10-07 02:00:17', 1, 1, 0),
(12, 1, 1, '2022-10-07 02:00:19', 1, 1, 0),
(13, 1, 1, '2022-10-07 02:00:22', 1, 1, 0),
(14, 1, 1, '2022-10-07 02:11:08', 1, 1, 0),
(15, 1, 1, '2022-10-07 02:42:32', 0, 1, 0),
(16, 1, 1, '2022-10-11 00:45:07', 1, 1, 0),
(17, 1, 1, '2022-10-11 00:45:49', 1, 1, 0),
(18, 1, 1, '2022-10-11 00:50:01', 1, 1, 0),
(19, 2, 3, '2022-10-12 03:05:51', 0, 1, 0),
(20, 1, 1, '2022-10-12 03:08:32', 0, 1, 0),
(21, 1, 1, '2022-10-19 21:05:21', 0, 1, 0),
(22, 1, 1, '2022-10-19 21:43:28', 1, 1, 0),
(23, 1, 1, '2022-11-01 20:22:34', 1, 1, 0),
(24, 1, 1, '2022-11-01 20:26:03', 1, 1, 0),
(25, 1, 1, '2022-11-01 20:26:14', 0, 1, 0),
(26, 2, 3, '2023-01-21 16:39:19', 0, 1, 0);

-- --------------------------------------------------------

--
-- Estructura de tabla para la tabla `pedido_interno_detalle`
--

CREATE TABLE `pedido_interno_detalle` (
  `id` int(11) NOT NULL,
  `id_pedido` int(11) NOT NULL,
  `id_categoria` int(11) NOT NULL,
  `cantidad` int(11) NOT NULL,
  `detalle` text COLLATE utf8_spanish_ci DEFAULT NULL,
  `fecha_agrega` timestamp NOT NULL DEFAULT current_timestamp(),
  `tengo` int(11) DEFAULT NULL,
  `disponible` int(11) DEFAULT NULL,
  `revision` int(11) DEFAULT NULL
) ENGINE=InnoDB DEFAULT CHARSET=utf8 COLLATE=utf8_spanish_ci;

--
-- Volcado de datos para la tabla `pedido_interno_detalle`
--

INSERT INTO `pedido_interno_detalle` (`id`, `id_pedido`, `id_categoria`, `cantidad`, `detalle`, `fecha_agrega`, `tengo`, `disponible`, `revision`) VALUES
(6, 15, 13, 3, 'OTRA PRUEBA DE ESMERIL', '2022-10-10 17:02:02', 4, 2, 0),
(9, 15, 10, 6, '', '2022-10-10 21:39:55', 2, 1, 0),
(10, 15, 8, 1, '', '2022-10-10 21:40:53', 6, 1, 1),
(11, 20, 8, 2, '', '2022-10-12 03:13:30', 6, 1, 1),
(12, 19, 8, 6, '', '2022-10-12 03:14:51', 2, 2, 0),
(13, 21, 15, 2, '', '2022-10-19 21:25:25', 2, 2, 0),
(14, 21, 11, 3, '', '2022-10-19 21:28:33', 5, 5, 0),
(15, 23, 10, 2, '', '2022-11-01 20:22:55', 19, 11, 0),
(16, 25, 11, 3, '', '2022-11-01 20:45:37', 5, 4, 0),
(17, 25, 12, 3, '', '2023-01-04 03:01:27', 0, 0, 0),
(18, 26, 10, 10, '', '2023-01-21 16:39:33', 0, 0, 0),
(19, 26, 12, 2, '', '2023-01-21 16:39:48', 0, 0, 0);

-- --------------------------------------------------------

--
-- Estructura de tabla para la tabla `precios_clientes`
--

CREATE TABLE `precios_clientes` (
  `id` int(11) NOT NULL,
  `id_constructoras` int(11) NOT NULL,
  `id_obras` int(11) NOT NULL,
  `id_nombre_equipos` int(11) NOT NULL,
  `precio` int(11) NOT NULL,
  `creado` timestamp NOT NULL DEFAULT current_timestamp(),
  `usuario` text COLLATE utf8_spanish_ci DEFAULT NULL
) ENGINE=InnoDB DEFAULT CHARSET=utf8 COLLATE=utf8_spanish_ci;

--
-- Volcado de datos para la tabla `precios_clientes`
--

INSERT INTO `precios_clientes` (`id`, `id_constructoras`, `id_obras`, `id_nombre_equipos`, `precio`, `creado`, `usuario`) VALUES
(150, 5, 10, 11, 4600, '2022-05-03 21:05:24', 'LEONARDO FREY'),
(151, 5, 10, 15, 5000, '2022-05-03 21:05:24', 'LEONARDO FREY'),
(152, 5, 10, 6, 8500, '2022-05-03 21:05:24', 'LEONARDO FREY'),
(153, 5, 10, 8, 9000, '2022-05-03 21:05:24', 'LEONARDO FREY'),
(154, 5, 10, 16, 9000, '2022-05-03 21:05:24', 'LEONARDO FREY'),
(155, 5, 10, 17, 8000, '2022-05-03 21:05:24', 'LEONARDO FREY'),
(156, 5, 10, 19, 3000, '2022-05-03 21:05:24', 'LEONARDO FREY'),
(157, 5, 10, 7, 1000, '2022-05-03 21:05:24', 'LEONARDO FREY');

-- --------------------------------------------------------

--
-- Estructura de tabla para la tabla `proveedores`
--

CREATE TABLE `proveedores` (
  `id` int(11) NOT NULL,
  `rut` text COLLATE utf8_spanish_ci NOT NULL,
  `nombre` text COLLATE utf8_spanish_ci NOT NULL,
  `contacto` text COLLATE utf8_spanish_ci DEFAULT NULL,
  `direccion` text COLLATE utf8_spanish_ci DEFAULT NULL,
  `telefono` text COLLATE utf8_spanish_ci DEFAULT NULL,
  `email` text COLLATE utf8_spanish_ci DEFAULT NULL,
  `creacion` timestamp NOT NULL DEFAULT current_timestamp()
) ENGINE=InnoDB DEFAULT CHARSET=utf8 COLLATE=utf8_spanish_ci;

--
-- Volcado de datos para la tabla `proveedores`
--

INSERT INTO `proveedores` (`id`, `rut`, `nombre`, `contacto`, `direccion`, `telefono`, `email`, `creacion`) VALUES
(1, '13.485.480-4', 'HILTI CHILE', 'EL VENDEDOR', 'NUEVA COSTANERA 25654', '865455221', 'l.frey.g@gmail.com', '2022-05-13 04:22:27'),
(2, '13.663.730-4', 'BOSH', 'LEO', 'SIN DIRECCION', '965845545', 'l.frey.g@gmail.com', '2022-03-11 21:39:33');

-- --------------------------------------------------------

--
-- Estructura de tabla para la tabla `referencias`
--

CREATE TABLE `referencias` (
  `id` int(11) NOT NULL,
  `codigo_referencia` text COLLATE utf8_spanish_ci NOT NULL,
  `descripcion` text COLLATE utf8_spanish_ci NOT NULL
) ENGINE=InnoDB DEFAULT CHARSET=utf8 COLLATE=utf8_spanish_ci;

--
-- Volcado de datos para la tabla `referencias`
--

INSERT INTO `referencias` (`id`, `codigo_referencia`, `descripcion`) VALUES
(1, '801', 'Orden de compra'),
(2, '803', 'Contrato'),
(3, 'HES', 'Hoja de Entrada de Servicios(HES)'),
(4, '802', 'Presupuesto');

-- --------------------------------------------------------

--
-- Estructura de tabla para la tabla `referencia_factura`
--

CREATE TABLE `referencia_factura` (
  `id` int(11) NOT NULL,
  `id_factura` int(11) NOT NULL,
  `id_oc_arriendo` int(11) NOT NULL,
  `id_referencia` int(11) NOT NULL,
  `numero_referencia` text COLLATE utf8_spanish_ci NOT NULL,
  `fecha_referencia` date NOT NULL
) ENGINE=InnoDB DEFAULT CHARSET=utf8 COLLATE=utf8_spanish_ci;

--
-- Volcado de datos para la tabla `referencia_factura`
--

INSERT INTO `referencia_factura` (`id`, `id_factura`, `id_oc_arriendo`, `id_referencia`, `numero_referencia`, `fecha_referencia`) VALUES
(4, 13, 4, 1, '85200', '2023-01-05'),
(5, 15, 0, 1, '98545', '2023-01-05'),
(6, 19, 6, 1, '36522', '2023-01-29');

-- --------------------------------------------------------

--
-- Estructura de tabla para la tabla `report_devolucion`
--

CREATE TABLE `report_devolucion` (
  `id` int(11) NOT NULL,
  `id_constructoras` int(11) NOT NULL,
  `id_obras` int(11) NOT NULL,
  `fecha_report` timestamp NOT NULL DEFAULT current_timestamp(),
  `id_usuario` int(11) NOT NULL,
  `documento` text COLLATE utf8_spanish_ci DEFAULT NULL,
  `estado` int(11) NOT NULL DEFAULT 1,
  `id_sucursal` int(11) DEFAULT NULL
) ENGINE=InnoDB DEFAULT CHARSET=utf8 COLLATE=utf8_spanish_ci;

--
-- Volcado de datos para la tabla `report_devolucion`
--

INSERT INTO `report_devolucion` (`id`, `id_constructoras`, `id_obras`, `fecha_report`, `id_usuario`, `documento`, `estado`, `id_sucursal`) VALUES
(2, 4, 8, '2022-05-13 02:33:00', 1, '', 14, 1),
(3, 5, 10, '2022-05-13 02:33:10', 1, NULL, 14, 1),
(9, 5, 10, '2022-06-01 02:44:02', 1, NULL, 14, 1),
(12, 5, 10, '2022-06-01 03:03:53', 1, NULL, 14, 1),
(13, 5, 10, '2022-06-01 03:04:59', 1, NULL, 14, 1),
(14, 3, 6, '2022-06-08 03:08:37', 1, NULL, 14, 1),
(15, 3, 6, '2022-07-19 01:53:36', 1, NULL, 14, 1),
(16, 4, 8, '2022-09-25 05:38:36', 1, NULL, 14, 1),
(17, 4, 8, '2022-09-26 03:34:09', 1, NULL, 9, 1),
(18, 5, 10, '2022-09-27 21:54:29', 1, NULL, 9, 1),
(19, 3, 6, '2022-09-28 02:06:13', 3, NULL, 9, 1),
(20, 3, 6, '2022-09-28 02:16:32', 1, NULL, 9, 1),
(21, 5, 10, '2022-09-28 02:16:44', 1, NULL, 9, 1),
(22, 3, 6, '2022-09-28 02:17:12', 1, NULL, 9, 1),
(23, 3, 6, '2022-09-28 03:19:01', 3, NULL, 9, 1),
(24, 3, 3, '2022-09-30 01:34:10', 1, NULL, 14, 1),
(25, 3, 3, '2022-09-30 01:34:44', 1, NULL, 14, 1),
(26, 3, 3, '2022-09-30 01:35:10', 1, NULL, 14, 1),
(27, 3, 3, '2022-09-30 01:37:42', 1, NULL, 14, 1),
(28, 3, 3, '2022-09-30 01:40:10', 1, NULL, 14, 1),
(29, 3, 3, '2022-09-30 01:46:26', 1, NULL, 9, 1),
(30, 4, 8, '2022-10-11 00:07:44', 1, NULL, 9, 1),
(31, 3, 6, '2022-10-19 19:44:39', 1, NULL, 9, 1),
(32, 3, 9, '2022-10-27 13:51:21', 1, NULL, 9, 1),
(33, 3, 9, '2022-11-07 01:30:22', 1, NULL, 9, 1),
(34, 5, 10, '2022-11-16 03:39:11', 1, NULL, 9, 1),
(35, 3, 5, '2022-11-19 17:13:32', 1, NULL, 9, 1),
(36, 3, 3, '2023-01-08 22:15:57', 1, NULL, 9, 1),
(37, 3, 9, '2023-01-09 18:28:22', 1, NULL, 9, 1),
(38, 4, 8, '2023-01-11 21:07:58', 1, NULL, 9, 1),
(39, 3, 9, '2023-01-30 02:42:59', 1, NULL, 14, 1);

-- --------------------------------------------------------

--
-- Estructura de tabla para la tabla `roles`
--

CREATE TABLE `roles` (
  `id` int(11) NOT NULL,
  `descripcion` text COLLATE utf8_spanish_ci NOT NULL
) ENGINE=InnoDB DEFAULT CHARSET=utf8 COLLATE=utf8_spanish_ci;

--
-- Volcado de datos para la tabla `roles`
--

INSERT INTO `roles` (`id`, `descripcion`) VALUES
(1, 'Administrador'),
(2, 'Vendedor'),
(3, 'Bodeguero');

-- --------------------------------------------------------

--
-- Estructura de tabla para la tabla `sucursales`
--

CREATE TABLE `sucursales` (
  `id` int(11) NOT NULL,
  `nombre` text COLLATE utf8_spanish_ci NOT NULL,
  `direccion` text COLLATE utf8_spanish_ci NOT NULL,
  `contacto` text COLLATE utf8_spanish_ci NOT NULL,
  `telefono` text COLLATE utf8_spanish_ci NOT NULL,
  `email` text COLLATE utf8_spanish_ci NOT NULL,
  `creacion` timestamp NOT NULL DEFAULT current_timestamp()
) ENGINE=InnoDB DEFAULT CHARSET=utf8 COLLATE=utf8_spanish_ci;

--
-- Volcado de datos para la tabla `sucursales`
--

INSERT INTO `sucursales` (`id`, `nombre`, `direccion`, `contacto`, `telefono`, `email`, `creacion`) VALUES
(1, 'OFICINA CENTRAL', 'SANTIAGO CENTRO', 'LEO FREY', '967564098', 'l.frey.g@gmail.com', '2022-03-11 21:39:48'),
(2, 'SAN BERNARDO', 'SAN BERNARDO 3422', 'CARLOS GALAZ', '225698745', 'l.frey.g@gmail.com', '2022-05-03 03:17:44'),
(3, 'RECOLETA', 'AV. LA PAZ 7510', 'VALEZCA GALAZ', '968544554', 'vgalaz@correo.cl', '2022-10-04 20:02:20'),
(4, 'VIñA DEL MAR', 'CAMINO INTERNACIONAL 8547', 'VARONICA PEREZ', '9925368541', 'vperez@correo.cl', '2022-10-04 20:02:56');

-- --------------------------------------------------------

--
-- Estructura de tabla para la tabla `talleres`
--

CREATE TABLE `talleres` (
  `id` int(11) NOT NULL,
  `rut` text COLLATE utf8_spanish_ci NOT NULL,
  `nombre` text COLLATE utf8_spanish_ci NOT NULL,
  `direccion` text COLLATE utf8_spanish_ci NOT NULL,
  `comuna` text COLLATE utf8_spanish_ci NOT NULL,
  `ciudad` text COLLATE utf8_spanish_ci NOT NULL,
  `telefono` text COLLATE utf8_spanish_ci NOT NULL,
  `correo` text COLLATE utf8_spanish_ci NOT NULL,
  `contacto` text COLLATE utf8_spanish_ci NOT NULL,
  `activo` tinyint(1) NOT NULL DEFAULT 1
) ENGINE=InnoDB DEFAULT CHARSET=utf8 COLLATE=utf8_spanish_ci;

--
-- Volcado de datos para la tabla `talleres`
--

INSERT INTO `talleres` (`id`, `rut`, `nombre`, `direccion`, `comuna`, `ciudad`, `telefono`, `correo`, `contacto`, `activo`) VALUES
(1, '13.485.480-4', 'TALLER MAKITA', 'CALLE 4 ORIENTE 55', 'con con', 'VIñA DEL MAR', '967564098', 'LEO@GMAIL.COM', 'LEONARDO FREY', 1),
(3, '13.663.730-4', 'TALLER MULTIMARCAS LTDA', 'CALLE 4 ORIENTE 55', 'quilpue', 'VIñA DEL MAR', '967564098', 'L.FREY.G@GMAIL.COM', 'LEONARDO FREY', 1);

-- --------------------------------------------------------

--
-- Estructura de tabla para la tabla `tipo_cobro`
--

CREATE TABLE `tipo_cobro` (
  `id` int(11) NOT NULL,
  `descripcion` text COLLATE utf8_spanish_ci NOT NULL
) ENGINE=InnoDB DEFAULT CHARSET=utf8 COLLATE=utf8_spanish_ci;

--
-- Volcado de datos para la tabla `tipo_cobro`
--

INSERT INTO `tipo_cobro` (`id`, `descripcion`) VALUES
(1, 'LUNES A LUNES'),
(2, 'LUNES A SABADO'),
(3, 'LUNES A VIERNES');

-- --------------------------------------------------------

--
-- Estructura de tabla para la tabla `tipo_nc`
--

CREATE TABLE `tipo_nc` (
  `id` int(11) NOT NULL,
  `descripcion` text COLLATE utf8_spanish_ci NOT NULL
) ENGINE=InnoDB DEFAULT CHARSET=utf8 COLLATE=utf8_spanish_ci;

--
-- Volcado de datos para la tabla `tipo_nc`
--

INSERT INTO `tipo_nc` (`id`, `descripcion`) VALUES
(1, 'NOTA CRÉDITO ANULACIÓN'),
(2, 'NOTA CRÉDITO CORRIGE MONTOS'),
(3, 'NOTA CRÉDITO CORRIGE TEXTO');

-- --------------------------------------------------------

--
-- Estructura de tabla para la tabla `tipo_nd`
--

CREATE TABLE `tipo_nd` (
  `id` int(11) NOT NULL,
  `descripcion` text COLLATE utf8_spanish_ci NOT NULL
) ENGINE=InnoDB DEFAULT CHARSET=utf8 COLLATE=utf8_spanish_ci;

--
-- Volcado de datos para la tabla `tipo_nd`
--

INSERT INTO `tipo_nd` (`id`, `descripcion`) VALUES
(1, 'NOTA DÉBITO CORRIGE MONTOS');

-- --------------------------------------------------------

--
-- Estructura de tabla para la tabla `transporte_guia`
--

CREATE TABLE `transporte_guia` (
  `id` int(11) NOT NULL,
  `rut` text COLLATE utf8_spanish_ci NOT NULL,
  `nombre` text COLLATE utf8_spanish_ci NOT NULL,
  `patente` text COLLATE utf8_spanish_ci NOT NULL,
  `rut_empresa_transporte` text COLLATE utf8_spanish_ci NOT NULL,
  `eliminado` tinyint(1) NOT NULL DEFAULT 0
) ENGINE=InnoDB DEFAULT CHARSET=utf8 COLLATE=utf8_spanish_ci;

--
-- Volcado de datos para la tabla `transporte_guia`
--

INSERT INTO `transporte_guia` (`id`, `rut`, `nombre`, `patente`, `rut_empresa_transporte`, `eliminado`) VALUES
(1, '13485480-4', 'LEONARDO FREY', 'HFJZ-12', '76015943-3', 0),
(5, '13663730-4', 'VERONICA PEREZ', 'HFJZ12', '76015943-3', 0);

-- --------------------------------------------------------

--
-- Estructura de tabla para la tabla `usuarios`
--

CREATE TABLE `usuarios` (
  `id` int(11) NOT NULL,
  `nombre` text COLLATE utf8_spanish_ci NOT NULL,
  `usuario` text COLLATE utf8_spanish_ci NOT NULL,
  `password` text COLLATE utf8_spanish_ci NOT NULL,
  `perfil` int(11) NOT NULL,
  `foto` text COLLATE utf8_spanish_ci NOT NULL,
  `estado` int(11) NOT NULL DEFAULT 1,
  `ultimo_login` datetime NOT NULL,
  `fecha` timestamp NOT NULL DEFAULT current_timestamp() ON UPDATE current_timestamp(),
  `id_sucursal` int(11) NOT NULL,
  `creacion` timestamp NOT NULL DEFAULT current_timestamp()
) ENGINE=InnoDB DEFAULT CHARSET=utf8 COLLATE=utf8_spanish_ci;

--
-- Volcado de datos para la tabla `usuarios`
--

INSERT INTO `usuarios` (`id`, `nombre`, `usuario`, `password`, `perfil`, `foto`, `estado`, `ultimo_login`, `fecha`, `id_sucursal`, `creacion`) VALUES
(1, 'LEONARDO FREY', 'lfrey', '$2a$07$asxx54ahjppf45sd87a5auFl5oL1MQ3CVLaN0VsRRmfoos4w12Lu.', 1, '', 1, '2023-02-06 18:47:19', '2023-02-06 21:47:19', 1, '2022-05-13 04:24:55'),
(2, 'CRISTIAN VALLEJOS', 'cvallejos', '$2a$07$asxx54ahjppf45sd87a5auGZEtGHuyZwm.Ur.FJvWLCql3nmsMbXy', 2, 'vistas/img/usuarios/cvallejos/678.jpg', 1, '2023-01-11 14:38:30', '2023-01-11 17:38:30', 1, '2022-03-11 21:40:11'),
(3, 'BASTIAN FREY', 'bfrey', '$2a$07$asxx54ahjppf45sd87a5auGZEtGHuyZwm.Ur.FJvWLCql3nmsMbXy', 1, '', 1, '2023-02-06 18:44:51', '2023-02-06 21:44:51', 2, '2022-04-01 22:21:17'),
(4, 'ADMINISTRADOR', 'admin', '$2a$07$asxx54ahjppf45sd87a5auXBm1Vr2M1NV5t/zNQtGHGpS5fFirrbG', 1, '', 1, '2022-08-02 11:06:23', '2022-08-02 15:06:23', 1, '2022-04-27 06:00:09');

-- --------------------------------------------------------

--
-- Estructura de tabla para la tabla `usuario_tipo_estado`
--

CREATE TABLE `usuario_tipo_estado` (
  `id` int(11) NOT NULL,
  `id_usuario` int(11) NOT NULL,
  `id_estado` int(11) NOT NULL,
  `fecha_creacion` timestamp NOT NULL DEFAULT current_timestamp()
) ENGINE=InnoDB DEFAULT CHARSET=utf8 COLLATE=utf8_spanish_ci;

--
-- Volcado de datos para la tabla `usuario_tipo_estado`
--

INSERT INTO `usuario_tipo_estado` (`id`, `id_usuario`, `id_estado`, `fecha_creacion`) VALUES
(45, 1, 1, '2023-01-18 04:26:29'),
(47, 1, 27, '2023-01-18 04:26:38'),
(48, 1, 28, '2023-01-18 04:26:40'),
(49, 1, 24, '2023-01-18 04:26:40'),
(50, 1, 26, '2023-01-18 04:26:42'),
(51, 1, 30, '2023-01-18 04:26:43'),
(52, 1, 25, '2023-01-18 06:54:54'),
(53, 1, 29, '2023-01-21 16:14:48'),
(54, 1, 21, '2023-01-29 17:40:46'),
(55, 1, 22, '2023-01-29 17:40:47');

--
-- Índices para tablas volcadas
--

--
-- Indices de la tabla `bancos`
--
ALTER TABLE `bancos`
  ADD PRIMARY KEY (`id`);

--
-- Indices de la tabla `categorias`
--
ALTER TABLE `categorias`
  ADD PRIMARY KEY (`id`);

--
-- Indices de la tabla `ciudades`
--
ALTER TABLE `ciudades`
  ADD PRIMARY KEY (`id`);

--
-- Indices de la tabla `codigo_actividad`
--
ALTER TABLE `codigo_actividad`
  ADD PRIMARY KEY (`id`);

--
-- Indices de la tabla `comunas`
--
ALTER TABLE `comunas`
  ADD PRIMARY KEY (`id`);

--
-- Indices de la tabla `constructoras`
--
ALTER TABLE `constructoras`
  ADD PRIMARY KEY (`id`);

--
-- Indices de la tabla `costos_reparacion`
--
ALTER TABLE `costos_reparacion`
  ADD PRIMARY KEY (`id`);

--
-- Indices de la tabla `dte`
--
ALTER TABLE `dte`
  ADD PRIMARY KEY (`id`);

--
-- Indices de la tabla `eepp`
--
ALTER TABLE `eepp`
  ADD PRIMARY KEY (`id`);

--
-- Indices de la tabla `eepp_descuentos_extras`
--
ALTER TABLE `eepp_descuentos_extras`
  ADD PRIMARY KEY (`id`);

--
-- Indices de la tabla `eepp_detalle_equipos`
--
ALTER TABLE `eepp_detalle_equipos`
  ADD PRIMARY KEY (`id`);

--
-- Indices de la tabla `eepp_detalle_materiales`
--
ALTER TABLE `eepp_detalle_materiales`
  ADD PRIMARY KEY (`id`);

--
-- Indices de la tabla `eepp_dias_descuento`
--
ALTER TABLE `eepp_dias_descuento`
  ADD PRIMARY KEY (`id`),
  ADD UNIQUE KEY `id` (`id`);

--
-- Indices de la tabla `empresas_operativas`
--
ALTER TABLE `empresas_operativas`
  ADD PRIMARY KEY (`id`);

--
-- Indices de la tabla `empresa_transporte`
--
ALTER TABLE `empresa_transporte`
  ADD PRIMARY KEY (`id`);

--
-- Indices de la tabla `equipos`
--
ALTER TABLE `equipos`
  ADD PRIMARY KEY (`id`);

--
-- Indices de la tabla `equipos_traslados_detalles`
--
ALTER TABLE `equipos_traslados_detalles`
  ADD PRIMARY KEY (`id`);

--
-- Indices de la tabla `estados`
--
ALTER TABLE `estados`
  ADD PRIMARY KEY (`id`);

--
-- Indices de la tabla `factura`
--
ALTER TABLE `factura`
  ADD PRIMARY KEY (`id`);

--
-- Indices de la tabla `facturas_compra_equipos`
--
ALTER TABLE `facturas_compra_equipos`
  ADD PRIMARY KEY (`id`);

--
-- Indices de la tabla `factura_detalle_eepp`
--
ALTER TABLE `factura_detalle_eepp`
  ADD PRIMARY KEY (`id`);

--
-- Indices de la tabla `factura_eepp`
--
ALTER TABLE `factura_eepp`
  ADD PRIMARY KEY (`id`);

--
-- Indices de la tabla `factura_sii`
--
ALTER TABLE `factura_sii`
  ADD PRIMARY KEY (`id`);

--
-- Indices de la tabla `forma_pago`
--
ALTER TABLE `forma_pago`
  ADD PRIMARY KEY (`id`);

--
-- Indices de la tabla `guia_despacho`
--
ALTER TABLE `guia_despacho`
  ADD PRIMARY KEY (`id`);

--
-- Indices de la tabla `guia_despacho_detalle`
--
ALTER TABLE `guia_despacho_detalle`
  ADD PRIMARY KEY (`id`);

--
-- Indices de la tabla `guia_despacho_materiales`
--
ALTER TABLE `guia_despacho_materiales`
  ADD PRIMARY KEY (`id`);

--
-- Indices de la tabla `iva`
--
ALTER TABLE `iva`
  ADD PRIMARY KEY (`id`);

--
-- Indices de la tabla `log_cambia_estados`
--
ALTER TABLE `log_cambia_estados`
  ADD PRIMARY KEY (`id`);

--
-- Indices de la tabla `log_mantenedor_equipos`
--
ALTER TABLE `log_mantenedor_equipos`
  ADD PRIMARY KEY (`id`);

--
-- Indices de la tabla `marcas`
--
ALTER TABLE `marcas`
  ADD PRIMARY KEY (`id`);

--
-- Indices de la tabla `materiales_insumos`
--
ALTER TABLE `materiales_insumos`
  ADD PRIMARY KEY (`id`);

--
-- Indices de la tabla `nombre_equipos`
--
ALTER TABLE `nombre_equipos`
  ADD PRIMARY KEY (`id`);

--
-- Indices de la tabla `nota_credito`
--
ALTER TABLE `nota_credito`
  ADD PRIMARY KEY (`id`);

--
-- Indices de la tabla `nota_credito_sii`
--
ALTER TABLE `nota_credito_sii`
  ADD PRIMARY KEY (`id`);

--
-- Indices de la tabla `nota_debito`
--
ALTER TABLE `nota_debito`
  ADD PRIMARY KEY (`id`);

--
-- Indices de la tabla `nota_debito_sii`
--
ALTER TABLE `nota_debito_sii`
  ADD PRIMARY KEY (`id`);

--
-- Indices de la tabla `obras`
--
ALTER TABLE `obras`
  ADD PRIMARY KEY (`id`);

--
-- Indices de la tabla `oc_arriendos`
--
ALTER TABLE `oc_arriendos`
  ADD PRIMARY KEY (`id`);

--
-- Indices de la tabla `oc_arriendos_detalle`
--
ALTER TABLE `oc_arriendos_detalle`
  ADD PRIMARY KEY (`id`);

--
-- Indices de la tabla `pedido_equipo`
--
ALTER TABLE `pedido_equipo`
  ADD PRIMARY KEY (`id`);

--
-- Indices de la tabla `pedido_equipo_detalle`
--
ALTER TABLE `pedido_equipo_detalle`
  ADD PRIMARY KEY (`id`);

--
-- Indices de la tabla `pedido_interno`
--
ALTER TABLE `pedido_interno`
  ADD PRIMARY KEY (`id`);

--
-- Indices de la tabla `pedido_interno_detalle`
--
ALTER TABLE `pedido_interno_detalle`
  ADD PRIMARY KEY (`id`);

--
-- Indices de la tabla `precios_clientes`
--
ALTER TABLE `precios_clientes`
  ADD PRIMARY KEY (`id`);

--
-- Indices de la tabla `proveedores`
--
ALTER TABLE `proveedores`
  ADD PRIMARY KEY (`id`);

--
-- Indices de la tabla `referencias`
--
ALTER TABLE `referencias`
  ADD PRIMARY KEY (`id`);

--
-- Indices de la tabla `referencia_factura`
--
ALTER TABLE `referencia_factura`
  ADD PRIMARY KEY (`id`);

--
-- Indices de la tabla `report_devolucion`
--
ALTER TABLE `report_devolucion`
  ADD PRIMARY KEY (`id`);

--
-- Indices de la tabla `roles`
--
ALTER TABLE `roles`
  ADD PRIMARY KEY (`id`);

--
-- Indices de la tabla `sucursales`
--
ALTER TABLE `sucursales`
  ADD PRIMARY KEY (`id`);

--
-- Indices de la tabla `talleres`
--
ALTER TABLE `talleres`
  ADD PRIMARY KEY (`id`);

--
-- Indices de la tabla `tipo_cobro`
--
ALTER TABLE `tipo_cobro`
  ADD PRIMARY KEY (`id`);

--
-- Indices de la tabla `tipo_nc`
--
ALTER TABLE `tipo_nc`
  ADD PRIMARY KEY (`id`);

--
-- Indices de la tabla `tipo_nd`
--
ALTER TABLE `tipo_nd`
  ADD PRIMARY KEY (`id`);

--
-- Indices de la tabla `transporte_guia`
--
ALTER TABLE `transporte_guia`
  ADD PRIMARY KEY (`id`);

--
-- Indices de la tabla `usuarios`
--
ALTER TABLE `usuarios`
  ADD PRIMARY KEY (`id`);

--
-- Indices de la tabla `usuario_tipo_estado`
--
ALTER TABLE `usuario_tipo_estado`
  ADD PRIMARY KEY (`id`);

--
-- AUTO_INCREMENT de las tablas volcadas
--

--
-- AUTO_INCREMENT de la tabla `bancos`
--
ALTER TABLE `bancos`
  MODIFY `id` int(11) NOT NULL AUTO_INCREMENT, AUTO_INCREMENT=17;

--
-- AUTO_INCREMENT de la tabla `categorias`
--
ALTER TABLE `categorias`
  MODIFY `id` int(11) NOT NULL AUTO_INCREMENT, AUTO_INCREMENT=16;

--
-- AUTO_INCREMENT de la tabla `ciudades`
--
ALTER TABLE `ciudades`
  MODIFY `id` int(11) NOT NULL AUTO_INCREMENT, AUTO_INCREMENT=2;

--
-- AUTO_INCREMENT de la tabla `codigo_actividad`
--
ALTER TABLE `codigo_actividad`
  MODIFY `id` int(11) NOT NULL AUTO_INCREMENT, AUTO_INCREMENT=5;

--
-- AUTO_INCREMENT de la tabla `comunas`
--
ALTER TABLE `comunas`
  MODIFY `id` int(11) NOT NULL AUTO_INCREMENT, AUTO_INCREMENT=6;

--
-- AUTO_INCREMENT de la tabla `constructoras`
--
ALTER TABLE `constructoras`
  MODIFY `id` int(11) NOT NULL AUTO_INCREMENT, AUTO_INCREMENT=6;

--
-- AUTO_INCREMENT de la tabla `costos_reparacion`
--
ALTER TABLE `costos_reparacion`
  MODIFY `id` int(11) NOT NULL AUTO_INCREMENT, AUTO_INCREMENT=14;

--
-- AUTO_INCREMENT de la tabla `dte`
--
ALTER TABLE `dte`
  MODIFY `id` int(11) NOT NULL AUTO_INCREMENT, AUTO_INCREMENT=2;

--
-- AUTO_INCREMENT de la tabla `eepp`
--
ALTER TABLE `eepp`
  MODIFY `id` bigint(11) NOT NULL AUTO_INCREMENT, AUTO_INCREMENT=21;

--
-- AUTO_INCREMENT de la tabla `eepp_descuentos_extras`
--
ALTER TABLE `eepp_descuentos_extras`
  MODIFY `id` int(11) NOT NULL AUTO_INCREMENT;

--
-- AUTO_INCREMENT de la tabla `eepp_detalle_equipos`
--
ALTER TABLE `eepp_detalle_equipos`
  MODIFY `id` bigint(11) NOT NULL AUTO_INCREMENT, AUTO_INCREMENT=160;

--
-- AUTO_INCREMENT de la tabla `eepp_detalle_materiales`
--
ALTER TABLE `eepp_detalle_materiales`
  MODIFY `id` bigint(11) NOT NULL AUTO_INCREMENT, AUTO_INCREMENT=21;

--
-- AUTO_INCREMENT de la tabla `eepp_dias_descuento`
--
ALTER TABLE `eepp_dias_descuento`
  MODIFY `id` int(11) NOT NULL AUTO_INCREMENT;

--
-- AUTO_INCREMENT de la tabla `empresas_operativas`
--
ALTER TABLE `empresas_operativas`
  MODIFY `id` int(11) NOT NULL AUTO_INCREMENT, AUTO_INCREMENT=2;

--
-- AUTO_INCREMENT de la tabla `empresa_transporte`
--
ALTER TABLE `empresa_transporte`
  MODIFY `id` int(11) NOT NULL AUTO_INCREMENT, AUTO_INCREMENT=2;

--
-- AUTO_INCREMENT de la tabla `equipos`
--
ALTER TABLE `equipos`
  MODIFY `id` bigint(11) NOT NULL AUTO_INCREMENT, AUTO_INCREMENT=88;

--
-- AUTO_INCREMENT de la tabla `equipos_traslados_detalles`
--
ALTER TABLE `equipos_traslados_detalles`
  MODIFY `id` bigint(11) NOT NULL AUTO_INCREMENT;

--
-- AUTO_INCREMENT de la tabla `estados`
--
ALTER TABLE `estados`
  MODIFY `id` int(11) NOT NULL AUTO_INCREMENT, AUTO_INCREMENT=33;

--
-- AUTO_INCREMENT de la tabla `factura`
--
ALTER TABLE `factura`
  MODIFY `id` bigint(11) NOT NULL AUTO_INCREMENT, AUTO_INCREMENT=20;

--
-- AUTO_INCREMENT de la tabla `facturas_compra_equipos`
--
ALTER TABLE `facturas_compra_equipos`
  MODIFY `id` bigint(11) NOT NULL AUTO_INCREMENT, AUTO_INCREMENT=23;

--
-- AUTO_INCREMENT de la tabla `factura_detalle_eepp`
--
ALTER TABLE `factura_detalle_eepp`
  MODIFY `id` bigint(11) NOT NULL AUTO_INCREMENT;

--
-- AUTO_INCREMENT de la tabla `factura_eepp`
--
ALTER TABLE `factura_eepp`
  MODIFY `id` bigint(11) NOT NULL AUTO_INCREMENT, AUTO_INCREMENT=32;

--
-- AUTO_INCREMENT de la tabla `factura_sii`
--
ALTER TABLE `factura_sii`
  MODIFY `id` bigint(11) NOT NULL AUTO_INCREMENT, AUTO_INCREMENT=93;

--
-- AUTO_INCREMENT de la tabla `forma_pago`
--
ALTER TABLE `forma_pago`
  MODIFY `id` int(11) NOT NULL AUTO_INCREMENT, AUTO_INCREMENT=9;

--
-- AUTO_INCREMENT de la tabla `guia_despacho`
--
ALTER TABLE `guia_despacho`
  MODIFY `id` bigint(11) NOT NULL AUTO_INCREMENT, AUTO_INCREMENT=95;

--
-- AUTO_INCREMENT de la tabla `guia_despacho_detalle`
--
ALTER TABLE `guia_despacho_detalle`
  MODIFY `id` bigint(11) NOT NULL AUTO_INCREMENT, AUTO_INCREMENT=224;

--
-- AUTO_INCREMENT de la tabla `guia_despacho_materiales`
--
ALTER TABLE `guia_despacho_materiales`
  MODIFY `id` bigint(11) NOT NULL AUTO_INCREMENT, AUTO_INCREMENT=41;

--
-- AUTO_INCREMENT de la tabla `iva`
--
ALTER TABLE `iva`
  MODIFY `id` int(11) NOT NULL AUTO_INCREMENT, AUTO_INCREMENT=2;

--
-- AUTO_INCREMENT de la tabla `log_cambia_estados`
--
ALTER TABLE `log_cambia_estados`
  MODIFY `id` int(11) NOT NULL AUTO_INCREMENT, AUTO_INCREMENT=29;

--
-- AUTO_INCREMENT de la tabla `log_mantenedor_equipos`
--
ALTER TABLE `log_mantenedor_equipos`
  MODIFY `id` int(11) NOT NULL AUTO_INCREMENT, AUTO_INCREMENT=41;

--
-- AUTO_INCREMENT de la tabla `marcas`
--
ALTER TABLE `marcas`
  MODIFY `id` int(11) NOT NULL AUTO_INCREMENT, AUTO_INCREMENT=7;

--
-- AUTO_INCREMENT de la tabla `materiales_insumos`
--
ALTER TABLE `materiales_insumos`
  MODIFY `id` int(11) NOT NULL AUTO_INCREMENT, AUTO_INCREMENT=3;

--
-- AUTO_INCREMENT de la tabla `nombre_equipos`
--
ALTER TABLE `nombre_equipos`
  MODIFY `id` int(11) NOT NULL AUTO_INCREMENT, AUTO_INCREMENT=28;

--
-- AUTO_INCREMENT de la tabla `nota_credito`
--
ALTER TABLE `nota_credito`
  MODIFY `id` int(11) NOT NULL AUTO_INCREMENT, AUTO_INCREMENT=36;

--
-- AUTO_INCREMENT de la tabla `nota_credito_sii`
--
ALTER TABLE `nota_credito_sii`
  MODIFY `id` bigint(11) NOT NULL AUTO_INCREMENT, AUTO_INCREMENT=33;

--
-- AUTO_INCREMENT de la tabla `nota_debito`
--
ALTER TABLE `nota_debito`
  MODIFY `id` int(11) NOT NULL AUTO_INCREMENT, AUTO_INCREMENT=8;

--
-- AUTO_INCREMENT de la tabla `nota_debito_sii`
--
ALTER TABLE `nota_debito_sii`
  MODIFY `id` bigint(11) NOT NULL AUTO_INCREMENT, AUTO_INCREMENT=9;

--
-- AUTO_INCREMENT de la tabla `obras`
--
ALTER TABLE `obras`
  MODIFY `id` int(11) NOT NULL AUTO_INCREMENT, AUTO_INCREMENT=11;

--
-- AUTO_INCREMENT de la tabla `oc_arriendos`
--
ALTER TABLE `oc_arriendos`
  MODIFY `id` int(11) NOT NULL AUTO_INCREMENT, AUTO_INCREMENT=7;

--
-- AUTO_INCREMENT de la tabla `oc_arriendos_detalle`
--
ALTER TABLE `oc_arriendos_detalle`
  MODIFY `id` int(11) NOT NULL AUTO_INCREMENT, AUTO_INCREMENT=17;

--
-- AUTO_INCREMENT de la tabla `pedido_equipo`
--
ALTER TABLE `pedido_equipo`
  MODIFY `id` int(11) NOT NULL AUTO_INCREMENT, AUTO_INCREMENT=19;

--
-- AUTO_INCREMENT de la tabla `pedido_equipo_detalle`
--
ALTER TABLE `pedido_equipo_detalle`
  MODIFY `id` int(11) NOT NULL AUTO_INCREMENT, AUTO_INCREMENT=109;

--
-- AUTO_INCREMENT de la tabla `pedido_interno`
--
ALTER TABLE `pedido_interno`
  MODIFY `id` int(11) NOT NULL AUTO_INCREMENT, AUTO_INCREMENT=27;

--
-- AUTO_INCREMENT de la tabla `pedido_interno_detalle`
--
ALTER TABLE `pedido_interno_detalle`
  MODIFY `id` int(11) NOT NULL AUTO_INCREMENT, AUTO_INCREMENT=20;

--
-- AUTO_INCREMENT de la tabla `precios_clientes`
--
ALTER TABLE `precios_clientes`
  MODIFY `id` int(11) NOT NULL AUTO_INCREMENT, AUTO_INCREMENT=158;

--
-- AUTO_INCREMENT de la tabla `proveedores`
--
ALTER TABLE `proveedores`
  MODIFY `id` int(11) NOT NULL AUTO_INCREMENT, AUTO_INCREMENT=4;

--
-- AUTO_INCREMENT de la tabla `referencias`
--
ALTER TABLE `referencias`
  MODIFY `id` int(11) NOT NULL AUTO_INCREMENT, AUTO_INCREMENT=5;

--
-- AUTO_INCREMENT de la tabla `referencia_factura`
--
ALTER TABLE `referencia_factura`
  MODIFY `id` int(11) NOT NULL AUTO_INCREMENT, AUTO_INCREMENT=7;

--
-- AUTO_INCREMENT de la tabla `report_devolucion`
--
ALTER TABLE `report_devolucion`
  MODIFY `id` int(11) NOT NULL AUTO_INCREMENT, AUTO_INCREMENT=40;

--
-- AUTO_INCREMENT de la tabla `roles`
--
ALTER TABLE `roles`
  MODIFY `id` int(11) NOT NULL AUTO_INCREMENT, AUTO_INCREMENT=4;

--
-- AUTO_INCREMENT de la tabla `sucursales`
--
ALTER TABLE `sucursales`
  MODIFY `id` int(11) NOT NULL AUTO_INCREMENT, AUTO_INCREMENT=5;

--
-- AUTO_INCREMENT de la tabla `talleres`
--
ALTER TABLE `talleres`
  MODIFY `id` int(11) NOT NULL AUTO_INCREMENT, AUTO_INCREMENT=4;

--
-- AUTO_INCREMENT de la tabla `tipo_cobro`
--
ALTER TABLE `tipo_cobro`
  MODIFY `id` int(11) NOT NULL AUTO_INCREMENT, AUTO_INCREMENT=4;

--
-- AUTO_INCREMENT de la tabla `tipo_nc`
--
ALTER TABLE `tipo_nc`
  MODIFY `id` int(11) NOT NULL AUTO_INCREMENT, AUTO_INCREMENT=4;

--
-- AUTO_INCREMENT de la tabla `tipo_nd`
--
ALTER TABLE `tipo_nd`
  MODIFY `id` int(11) NOT NULL AUTO_INCREMENT, AUTO_INCREMENT=2;

--
-- AUTO_INCREMENT de la tabla `transporte_guia`
--
ALTER TABLE `transporte_guia`
  MODIFY `id` int(11) NOT NULL AUTO_INCREMENT, AUTO_INCREMENT=6;

--
-- AUTO_INCREMENT de la tabla `usuarios`
--
ALTER TABLE `usuarios`
  MODIFY `id` int(11) NOT NULL AUTO_INCREMENT, AUTO_INCREMENT=6;

--
-- AUTO_INCREMENT de la tabla `usuario_tipo_estado`
--
ALTER TABLE `usuario_tipo_estado`
  MODIFY `id` int(11) NOT NULL AUTO_INCREMENT, AUTO_INCREMENT=56;
COMMIT;

/*!40101 SET CHARACTER_SET_CLIENT=@OLD_CHARACTER_SET_CLIENT */;
/*!40101 SET CHARACTER_SET_RESULTS=@OLD_CHARACTER_SET_RESULTS */;
/*!40101 SET COLLATION_CONNECTION=@OLD_COLLATION_CONNECTION */;
